Jahr;Bundesland;Voranschlag/Rechnungsabschluss;Datenquelle;Gemeindekennziffer;Gemeindename;Haushalt;Ansatz-Uab;Ansatz-Ugl;Konto-Grp;Konto-Ugl;Vorhabencode;Mvag;Ansatz-Text;Konto-Text;Wert
2026;Niederösterreich;Voranschlag;Gemeinde;31912;Herzogenburg;Finanzierungshaushalt;999;000;270;000;0000000;4110;"Nicht voranschlagswirksame Gebarung";Vorsteuer;0,00
2026;Niederösterreich;Voranschlag;Gemeinde;31912;Herzogenburg;Finanzierungshaushalt;999;000;270;000;0000000;4210;"Nicht voranschlagswirksame Gebarung";Vorsteuer;0,00
2026;Niederösterreich;Voranschlag;Gemeinde;31912;Herzogenburg;Finanzierungshaushalt;999;000;270;200;0000000;4110;"Nicht voranschlagswirksame Gebarung";"Dienstgeberbeitrag zum Ausgleichsfonds";0,00
2026;Niederösterreich;Voranschlag;Gemeinde;31912;Herzogenburg;Finanzierungshaushalt;999;000;270;200;0000000;4210;"Nicht voranschlagswirksame Gebarung";"Dienstgeberbeitrag zum Ausgleichsfonds";0,00
2026;Niederösterreich;Voranschlag;Gemeinde;31912;Herzogenburg;Finanzierungshaushalt;999;000;279;000;0000000;4110;"Nicht voranschlagswirksame Gebarung";Gehaltsüberbrückungen;0,00
2026;Niederösterreich;Voranschlag;Gemeinde;31912;Herzogenburg;Finanzierungshaushalt;999;000;279;000;0000000;4210;"Nicht voranschlagswirksame Gebarung";Gehaltsüberbrückungen;0,00
2026;Niederösterreich;Voranschlag;Gemeinde;31912;Herzogenburg;Finanzierungshaushalt;999;000;279;010;0000000;4110;"Nicht voranschlagswirksame Gebarung";"Sonstige Vorschüsse";0,00
2026;Niederösterreich;Voranschlag;Gemeinde;31912;Herzogenburg;Finanzierungshaushalt;999;000;279;010;0000000;4210;"Nicht voranschlagswirksame Gebarung";"Sonstige Vorschüsse";0,00
2026;Niederösterreich;Voranschlag;Gemeinde;31912;Herzogenburg;Finanzierungshaushalt;999;000;279;020;0000000;4110;"Nicht voranschlagswirksame Gebarung";"Vorschüsse Mieter";0,00
2026;Niederösterreich;Voranschlag;Gemeinde;31912;Herzogenburg;Finanzierungshaushalt;999;000;279;020;0000000;4210;"Nicht voranschlagswirksame Gebarung";"Vorschüsse Mieter";0,00
2026;Niederösterreich;Voranschlag;Gemeinde;31912;Herzogenburg;Finanzierungshaushalt;999;000;279;600;0000000;4110;"Nicht voranschlagswirksame Gebarung";Handgelder;0,00
2026;Niederösterreich;Voranschlag;Gemeinde;31912;Herzogenburg;Finanzierungshaushalt;999;000;279;600;0000000;4210;"Nicht voranschlagswirksame Gebarung";Handgelder;0,00
2026;Niederösterreich;Voranschlag;Gemeinde;31912;Herzogenburg;Finanzierungshaushalt;999;000;287;000;0000000;4110;"Nicht voranschlagswirksame Gebarung";"Vorschüsse an Schulgemeinden";0,00
2026;Niederösterreich;Voranschlag;Gemeinde;31912;Herzogenburg;Finanzierungshaushalt;999;000;287;000;0000000;4210;"Nicht voranschlagswirksame Gebarung";"Vorschüsse an Schulgemeinden";0,00
2026;Niederösterreich;Voranschlag;Gemeinde;31912;Herzogenburg;Finanzierungshaushalt;999;000;287;777;0000000;4110;"Nicht voranschlagswirksame Gebarung";Kassenabwicklung;0,00
2026;Niederösterreich;Voranschlag;Gemeinde;31912;Herzogenburg;Finanzierungshaushalt;999;000;287;777;0000000;4210;"Nicht voranschlagswirksame Gebarung";Kassenabwicklung;0,00
2026;Niederösterreich;Voranschlag;Gemeinde;31912;Herzogenburg;Finanzierungshaushalt;999;000;360;000;0000000;4120;"Nicht voranschlagswirksame Gebarung";Umsatzsteuer;0,00
2026;Niederösterreich;Voranschlag;Gemeinde;31912;Herzogenburg;Finanzierungshaushalt;999;000;360;000;0000000;4220;"Nicht voranschlagswirksame Gebarung";Umsatzsteuer;0,00
2026;Niederösterreich;Voranschlag;Gemeinde;31912;Herzogenburg;Finanzierungshaushalt;999;000;361;000;0000000;4120;"Nicht voranschlagswirksame Gebarung";"Abrechnung NÖ Seuchenvorsorgeabgabe";0,00
2026;Niederösterreich;Voranschlag;Gemeinde;31912;Herzogenburg;Finanzierungshaushalt;999;000;361;000;0000000;4220;"Nicht voranschlagswirksame Gebarung";"Abrechnung NÖ Seuchenvorsorgeabgabe";0,00
2026;Niederösterreich;Voranschlag;Gemeinde;31912;Herzogenburg;Finanzierungshaushalt;999;000;361;100;0000000;4120;"Nicht voranschlagswirksame Gebarung";Reisedokumente;0,00
2026;Niederösterreich;Voranschlag;Gemeinde;31912;Herzogenburg;Finanzierungshaushalt;999;000;361;100;0000000;4220;"Nicht voranschlagswirksame Gebarung";Reisedokumente;0,00
2026;Niederösterreich;Voranschlag;Gemeinde;31912;Herzogenburg;Finanzierungshaushalt;999;000;361;160;0000000;4120;"Nicht voranschlagswirksame Gebarung";Nächtigungstaxe;0,00
2026;Niederösterreich;Voranschlag;Gemeinde;31912;Herzogenburg;Finanzierungshaushalt;999;000;361;160;0000000;4220;"Nicht voranschlagswirksame Gebarung";Nächtigungstaxe;0,00
2026;Niederösterreich;Voranschlag;Gemeinde;31912;Herzogenburg;Finanzierungshaushalt;999;000;361;500;0000000;4120;"Nicht voranschlagswirksame Gebarung";"Bundesgebühren (VRV2015)";0,00
2026;Niederösterreich;Voranschlag;Gemeinde;31912;Herzogenburg;Finanzierungshaushalt;999;000;361;500;0000000;4220;"Nicht voranschlagswirksame Gebarung";"Bundesgebühren (VRV2015)";0,00
2026;Niederösterreich;Voranschlag;Gemeinde;31912;Herzogenburg;Finanzierungshaushalt;999;000;362;000;0000000;4120;"Nicht voranschlagswirksame Gebarung";Lohnsteuer;0,00
2026;Niederösterreich;Voranschlag;Gemeinde;31912;Herzogenburg;Finanzierungshaushalt;999;000;362;000;0000000;4220;"Nicht voranschlagswirksame Gebarung";Lohnsteuer;0,00
2026;Niederösterreich;Voranschlag;Gemeinde;31912;Herzogenburg;Finanzierungshaushalt;999;000;362;100;0000000;4120;"Nicht voranschlagswirksame Gebarung";"Versich. Anstalt Öffentlich Bedienstete";0,00
2026;Niederösterreich;Voranschlag;Gemeinde;31912;Herzogenburg;Finanzierungshaushalt;999;000;362;100;0000000;4220;"Nicht voranschlagswirksame Gebarung";"Versich. Anstalt Öffentlich Bedienstete";0,00
2026;Niederösterreich;Voranschlag;Gemeinde;31912;Herzogenburg;Finanzierungshaushalt;999;000;362;180;0000000;4120;"Nicht voranschlagswirksame Gebarung";"Pensionsvorsorge Bedienstete";0,00
2026;Niederösterreich;Voranschlag;Gemeinde;31912;Herzogenburg;Finanzierungshaushalt;999;000;362;180;0000000;4220;"Nicht voranschlagswirksame Gebarung";"Pensionsvorsorge Bedienstete";0,00
2026;Niederösterreich;Voranschlag;Gemeinde;31912;Herzogenburg;Finanzierungshaushalt;999;000;362;200;0000000;4120;"Nicht voranschlagswirksame Gebarung";Funktionäre;0,00
2026;Niederösterreich;Voranschlag;Gemeinde;31912;Herzogenburg;Finanzierungshaushalt;999;000;362;200;0000000;4220;"Nicht voranschlagswirksame Gebarung";Funktionäre;0,00
2026;Niederösterreich;Voranschlag;Gemeinde;31912;Herzogenburg;Finanzierungshaushalt;999;000;362;300;0000000;4120;"Nicht voranschlagswirksame Gebarung";"Niederösterreichische Gebietskrankenkasse";0,00
2026;Niederösterreich;Voranschlag;Gemeinde;31912;Herzogenburg;Finanzierungshaushalt;999;000;362;300;0000000;4220;"Nicht voranschlagswirksame Gebarung";"Niederösterreichische Gebietskrankenkasse";0,00
2026;Niederösterreich;Voranschlag;Gemeinde;31912;Herzogenburg;Finanzierungshaushalt;999;000;362;310;0000000;4120;"Nicht voranschlagswirksame Gebarung";"Bezüge Verrechnung";0,00
2026;Niederösterreich;Voranschlag;Gemeinde;31912;Herzogenburg;Finanzierungshaushalt;999;000;362;310;0000000;4220;"Nicht voranschlagswirksame Gebarung";"Bezüge Verrechnung";0,00
2026;Niederösterreich;Voranschlag;Gemeinde;31912;Herzogenburg;Finanzierungshaushalt;999;000;362;400;0000000;4120;"Nicht voranschlagswirksame Gebarung";"Pensionskassenbeitrag Bürgermeister";0,00
2026;Niederösterreich;Voranschlag;Gemeinde;31912;Herzogenburg;Finanzierungshaushalt;999;000;362;400;0000000;4220;"Nicht voranschlagswirksame Gebarung";"Pensionskassenbeitrag Bürgermeister";0,00
2026;Niederösterreich;Voranschlag;Gemeinde;31912;Herzogenburg;Finanzierungshaushalt;999;000;362;700;0000000;4120;"Nicht voranschlagswirksame Gebarung";Gewerkschaftsbeitrag;0,00
2026;Niederösterreich;Voranschlag;Gemeinde;31912;Herzogenburg;Finanzierungshaushalt;999;000;362;700;0000000;4220;"Nicht voranschlagswirksame Gebarung";Gewerkschaftsbeitrag;0,00
2026;Niederösterreich;Voranschlag;Gemeinde;31912;Herzogenburg;Finanzierungshaushalt;999;000;362;800;0000000;4120;"Nicht voranschlagswirksame Gebarung";Personalvertretung;0,00
2026;Niederösterreich;Voranschlag;Gemeinde;31912;Herzogenburg;Finanzierungshaushalt;999;000;362;800;0000000;4220;"Nicht voranschlagswirksame Gebarung";Personalvertretung;0,00
2026;Niederösterreich;Voranschlag;Gemeinde;31912;Herzogenburg;Finanzierungshaushalt;999;000;363;000;0000000;4220;"Nicht voranschlagswirksame Gebarung";Haftrücklässe;0,00
2026;Niederösterreich;Voranschlag;Gemeinde;31912;Herzogenburg;Finanzierungshaushalt;999;000;368;000;0000000;4130;"Nicht voranschlagswirksame Gebarung";Jagdpacht;0,00
2026;Niederösterreich;Voranschlag;Gemeinde;31912;Herzogenburg;Finanzierungshaushalt;999;000;368;000;0000000;4230;"Nicht voranschlagswirksame Gebarung";Jagdpacht;0,00
2026;Niederösterreich;Voranschlag;Gemeinde;31912;Herzogenburg;Finanzierungshaushalt;999;000;369;000;0000000;4120;"Nicht voranschlagswirksame Gebarung";"Diverse Einnahmen";0,00
2026;Niederösterreich;Voranschlag;Gemeinde;31912;Herzogenburg;Finanzierungshaushalt;999;000;369;000;0000000;4220;"Nicht voranschlagswirksame Gebarung";"Diverse Einnahmen";0,00
2026;Niederösterreich;Voranschlag;Gemeinde;31912;Herzogenburg;Finanzierungshaushalt;999;000;369;004;0000000;4120;"Nicht voranschlagswirksame Gebarung";"Erlebnisbad - Schlüsseleinsatz";0,00
2026;Niederösterreich;Voranschlag;Gemeinde;31912;Herzogenburg;Finanzierungshaushalt;999;000;369;004;0000000;4220;"Nicht voranschlagswirksame Gebarung";"Erlebnisbad - Schlüsseleinsatz";0,00
2026;Niederösterreich;Voranschlag;Gemeinde;31912;Herzogenburg;Finanzierungshaushalt;999;000;369;020;0000000;4120;"Nicht voranschlagswirksame Gebarung";"Ferienbetreuung Herzogenburg - Kaution";0,00
2026;Niederösterreich;Voranschlag;Gemeinde;31912;Herzogenburg;Finanzierungshaushalt;999;000;369;020;0000000;4220;"Nicht voranschlagswirksame Gebarung";"Ferienbetreuung Herzogenburg - Kaution";0,00
2026;Niederösterreich;Voranschlag;Gemeinde;31912;Herzogenburg;Finanzierungshaushalt;999;000;369;040;0000000;4120;"Nicht voranschlagswirksame Gebarung";"Ferienbetreuung Oberndorf - Kaution";0,00
2026;Niederösterreich;Voranschlag;Gemeinde;31912;Herzogenburg;Finanzierungshaushalt;999;000;369;040;0000000;4220;"Nicht voranschlagswirksame Gebarung";"Ferienbetreuung Oberndorf - Kaution";0,00
2026;Niederösterreich;Voranschlag;Gemeinde;31912;Herzogenburg;Finanzierungshaushalt;999;000;369;050;0000000;4120;"Nicht voranschlagswirksame Gebarung";"Ferienbetreuung St. Andrä - Kaution";0,00
2026;Niederösterreich;Voranschlag;Gemeinde;31912;Herzogenburg;Finanzierungshaushalt;999;000;369;050;0000000;4220;"Nicht voranschlagswirksame Gebarung";"Ferienbetreuung St. Andrä - Kaution";0,00
2026;Niederösterreich;Voranschlag;Gemeinde;31912;Herzogenburg;Finanzierungshaushalt;999;000;369;070;0000000;4120;"Nicht voranschlagswirksame Gebarung";"Ferienbetreuung Rosengasse - Kaution";0,00
2026;Niederösterreich;Voranschlag;Gemeinde;31912;Herzogenburg;Finanzierungshaushalt;999;000;369;070;0000000;4220;"Nicht voranschlagswirksame Gebarung";"Ferienbetreuung Rosengasse - Kaution";0,00
2026;Niederösterreich;Voranschlag;Gemeinde;31912;Herzogenburg;Finanzierungshaushalt;999;000;369;080;0000000;4120;"Nicht voranschlagswirksame Gebarung";"Ferienbetreuung Rathausplatz - Kaution";0,00
2026;Niederösterreich;Voranschlag;Gemeinde;31912;Herzogenburg;Finanzierungshaushalt;999;000;369;080;0000000;4220;"Nicht voranschlagswirksame Gebarung";"Ferienbetreuung Rathausplatz - Kaution";0,00
2026;Niederösterreich;Voranschlag;Gemeinde;31912;Herzogenburg;Finanzierungshaushalt;999;000;369;530;0000000;4120;"Nicht voranschlagswirksame Gebarung";"Mieten- und Betriebskostenersätze";0,00
2026;Niederösterreich;Voranschlag;Gemeinde;31912;Herzogenburg;Finanzierungshaushalt;000;000;582;000;0000000;3212;"Gewählte Gemeindeorgane";"Sonstige DGB. zur sozialen Sicherheit";12000,00
2026;Niederösterreich;Voranschlag;Gemeinde;31912;Herzogenburg;Finanzierungshaushalt;000;000;670;000;0000000;3222;"Gewählte Gemeindeorgane";Versicherungen;200,00
2026;Niederösterreich;Voranschlag;Gemeinde;31912;Herzogenburg;Finanzierungshaushalt;000;000;721;000;0000000;3225;"Gewählte Gemeindeorgane";"Bezüge der Organe";420000,00
2026;Niederösterreich;Voranschlag;Gemeinde;31912;Herzogenburg;Finanzierungshaushalt;000;000;723;000;0000000;3225;"Gewählte Gemeindeorgane";"Amtspauschalien und Repräsentationsaufwendungen";3000,00
2026;Niederösterreich;Voranschlag;Gemeinde;31912;Herzogenburg;Finanzierungshaushalt;000;000;752;000;0000000;3231;"Gewählte Gemeindeorgane";"Transfers an Gemeinden, Gemeindeverbände (ohne marktbestimmte Tätigkeit) und Gemeindefonds";30500,00
2026;Niederösterreich;Voranschlag;Gemeinde;31912;Herzogenburg;Finanzierungshaushalt;000;000;757;000;0000000;3234;"Gewählte Gemeindeorgane";"Schulung der Gemeindefunktionäre";21000,00
2026;Niederösterreich;Voranschlag;Gemeinde;31912;Herzogenburg;Finanzierungshaushalt;010;000;400;000;0000000;3221;Zentralamt;"Geringwertige Wirtschaftsgüter";500,00
2026;Niederösterreich;Voranschlag;Gemeinde;31912;Herzogenburg;Finanzierungshaushalt;010;000;456;000;0000000;3221;Zentralamt;Büromaterial;2500,00
2026;Niederösterreich;Voranschlag;Gemeinde;31912;Herzogenburg;Finanzierungshaushalt;010;000;457;000;0000000;3221;Zentralamt;"Gesetzesblätter, Zeitschriften und Formulare";1300,00
2026;Niederösterreich;Voranschlag;Gemeinde;31912;Herzogenburg;Finanzierungshaushalt;010;000;510;000;0000000;3211;Zentralamt;"Bezüge VB-Schema I";193700,00
2026;Niederösterreich;Voranschlag;Gemeinde;31912;Herzogenburg;Finanzierungshaushalt;010;000;511;000;0000000;3211;Zentralamt;"Bezüge VB-Schema II";39500,00
2026;Niederösterreich;Voranschlag;Gemeinde;31912;Herzogenburg;Finanzierungshaushalt;010;000;540;000;0000000;3213;Zentralamt;"Sachbezüge VB-Schema I";400,00
2026;Niederösterreich;Voranschlag;Gemeinde;31912;Herzogenburg;Finanzierungshaushalt;010;000;541;000;0000000;3213;Zentralamt;"Sachbezüge VB-Schema II";200,00
2026;Niederösterreich;Voranschlag;Gemeinde;31912;Herzogenburg;Finanzierungshaushalt;010;000;565;000;0000000;3211;Zentralamt;Mehrleistungsvergütungen;7200,00
2026;Niederösterreich;Voranschlag;Gemeinde;31912;Herzogenburg;Finanzierungshaushalt;010;000;569;000;0000000;3211;Zentralamt;Nebengebühren;14700,00
2026;Niederösterreich;Voranschlag;Gemeinde;31912;Herzogenburg;Finanzierungshaushalt;010;000;580;000;0000000;3212;Zentralamt;"Dienstgeberbeitrag zum Ausgleichsfonds";9400,00
2026;Niederösterreich;Voranschlag;Gemeinde;31912;Herzogenburg;Finanzierungshaushalt;010;000;582;000;0000000;3212;Zentralamt;"Sonstige DGB. zur sozialen Sicherheit";59600,00
2026;Niederösterreich;Voranschlag;Gemeinde;31912;Herzogenburg;Finanzierungshaushalt;010;000;618;000;0000000;3224;Zentralamt;"Instandhaltung der Büroeinrich";100,00
2026;Niederösterreich;Voranschlag;Gemeinde;31912;Herzogenburg;Finanzierungshaushalt;010;000;618;040;0000000;3224;Zentralamt;"Service für EDV";1000,00
2026;Niederösterreich;Voranschlag;Gemeinde;31912;Herzogenburg;Finanzierungshaushalt;010;000;630;000;0000000;3222;Zentralamt;Porto;20000,00
2026;Niederösterreich;Voranschlag;Gemeinde;31912;Herzogenburg;Finanzierungshaushalt;010;000;631;000;0000000;3222;Zentralamt;"Telefon, Telegraf, Telex";8700,00
2026;Niederösterreich;Voranschlag;Gemeinde;31912;Herzogenburg;Finanzierungshaushalt;010;000;640;000;0000000;3222;Zentralamt;"Rechts- und Steuerberatungskosten";4000,00
2026;Niederösterreich;Voranschlag;Gemeinde;31912;Herzogenburg;Finanzierungshaushalt;010;000;670;000;0000000;3222;Zentralamt;Versicherungen;9200,00
2026;Niederösterreich;Voranschlag;Gemeinde;31912;Herzogenburg;Finanzierungshaushalt;010;000;700;000;0000000;3223;Zentralamt;"Leasinggebühr Kopierer";2500,00
2026;Niederösterreich;Voranschlag;Gemeinde;31912;Herzogenburg;Finanzierungshaushalt;010;000;724;000;0000000;3225;Zentralamt;Reisegebühren;700,00
2026;Niederösterreich;Voranschlag;Gemeinde;31912;Herzogenburg;Finanzierungshaushalt;010;000;725;000;0000000;3225;Zentralamt;Bibliothekserfordernisse;200,00
2026;Niederösterreich;Voranschlag;Gemeinde;31912;Herzogenburg;Finanzierungshaushalt;010;000;729;000;0000000;3225;Zentralamt;"Sonstige Ausgaben";200,00
2026;Niederösterreich;Voranschlag;Gemeinde;31912;Herzogenburg;Finanzierungshaushalt;010;000;828;000;0000000;3116;Zentralamt;"Rückersätze von Ausgaben";700,00
2026;Niederösterreich;Voranschlag;Gemeinde;31912;Herzogenburg;Finanzierungshaushalt;010;000;829;000;0000000;3116;Zentralamt;"sonstige Einnahmen";100,00
2026;Niederösterreich;Voranschlag;Gemeinde;31912;Herzogenburg;Finanzierungshaushalt;010;010;400;000;0000000;3221;"Zentralamt St. Andrä";"Geringwertige Wirtschaftsgüter (GWG)";0,00
2026;Niederösterreich;Voranschlag;Gemeinde;31912;Herzogenburg;Finanzierungshaushalt;010;010;454;000;0000000;3221;"Zentralamt St. Andrä";Reinigungsmittel;100,00
2026;Niederösterreich;Voranschlag;Gemeinde;31912;Herzogenburg;Finanzierungshaushalt;010;010;456;000;0000000;3221;"Zentralamt St. Andrä";"Schreib-, Zeichen- und sonstige Büromittel";0,00
2026;Niederösterreich;Voranschlag;Gemeinde;31912;Herzogenburg;Finanzierungshaushalt;010;010;511;000;0000000;3211;"Zentralamt St. Andrä";"Bezüge VB Schema II";5600,00
2026;Niederösterreich;Voranschlag;Gemeinde;31912;Herzogenburg;Finanzierungshaushalt;010;010;569;000;0000000;3211;"Zentralamt St. Andrä";Nebengebühren;200,00
2026;Niederösterreich;Voranschlag;Gemeinde;31912;Herzogenburg;Finanzierungshaushalt;010;010;580;000;0000000;3212;"Zentralamt St. Andrä";"Dienstgeberbeiträge zum Ausgleichsfonds für Familienbeihilfen";200,00
2026;Niederösterreich;Voranschlag;Gemeinde;31912;Herzogenburg;Finanzierungshaushalt;010;010;582;000;0000000;3212;"Zentralamt St. Andrä";"Sonstige Dienstgeberbeiträge zur sozialen Sicherheit";1200,00
2026;Niederösterreich;Voranschlag;Gemeinde;31912;Herzogenburg;Finanzierungshaushalt;010;010;600;000;0000000;3222;"Zentralamt St. Andrä";Strom;400,00
2026;Niederösterreich;Voranschlag;Gemeinde;31912;Herzogenburg;Finanzierungshaushalt;010;010;600;010;0000000;3222;"Zentralamt St. Andrä";Beheizung;600,00
2026;Niederösterreich;Voranschlag;Gemeinde;31912;Herzogenburg;Finanzierungshaushalt;010;010;616;000;0000000;3224;"Zentralamt St. Andrä";"Instandhaltung von Maschinen und maschinellen Anlagen";0,00
2026;Niederösterreich;Voranschlag;Gemeinde;31912;Herzogenburg;Finanzierungshaushalt;010;010;631;000;0000000;3222;"Zentralamt St. Andrä";"Telefon, Telegraf, Telex";0,00
2026;Niederösterreich;Voranschlag;Gemeinde;31912;Herzogenburg;Finanzierungshaushalt;010;010;670;000;0000000;3222;"Zentralamt St. Andrä";Versicherungen;300,00
2026;Niederösterreich;Voranschlag;Gemeinde;31912;Herzogenburg;Finanzierungshaushalt;010;010;729;000;0000000;3225;"Zentralamt St. Andrä";"Sonstige Ausgaben";0,00
2026;Niederösterreich;Voranschlag;Gemeinde;31912;Herzogenburg;Finanzierungshaushalt;010;020;452;000;0000000;3221;"Zentralamt Gutenbrunn";Treibstoffe;100,00
2026;Niederösterreich;Voranschlag;Gemeinde;31912;Herzogenburg;Finanzierungshaushalt;010;020;511;000;0000000;3211;"Zentralamt Gutenbrunn";"Bezüge VB-Schema II";2800,00
2026;Niederösterreich;Voranschlag;Gemeinde;31912;Herzogenburg;Finanzierungshaushalt;010;020;569;000;0000000;3211;"Zentralamt Gutenbrunn";Nebengebühren;100,00
2026;Niederösterreich;Voranschlag;Gemeinde;31912;Herzogenburg;Finanzierungshaushalt;010;020;580;000;0000000;3212;"Zentralamt Gutenbrunn";"Dienstgeberbeiträge zum Ausgleichsfonds für Familienbeihilfen";100,00
2026;Niederösterreich;Voranschlag;Gemeinde;31912;Herzogenburg;Finanzierungshaushalt;010;020;582;000;0000000;3212;"Zentralamt Gutenbrunn";"Sonstige Dienstgeberbeiträge zur sozialen Sicherheit";700,00
2026;Niederösterreich;Voranschlag;Gemeinde;31912;Herzogenburg;Finanzierungshaushalt;010;020;600;000;0000000;3222;"Zentralamt Gutenbrunn";Strom;400,00
2026;Niederösterreich;Voranschlag;Gemeinde;31912;Herzogenburg;Finanzierungshaushalt;010;020;600;010;0000000;3222;"Zentralamt Gutenbrunn";Beheizung;0,00
2026;Niederösterreich;Voranschlag;Gemeinde;31912;Herzogenburg;Finanzierungshaushalt;010;020;631;000;0000000;3222;"Zentralamt Gutenbrunn";"Telefon, Telegraf, Telex";0,00
2026;Niederösterreich;Voranschlag;Gemeinde;31912;Herzogenburg;Finanzierungshaushalt;010;030;456;000;0000000;3221;Integrationsservicestelle;Büromaterial;100,00
2026;Niederösterreich;Voranschlag;Gemeinde;31912;Herzogenburg;Finanzierungshaushalt;010;030;631;000;0000000;3222;Integrationsservicestelle;"Telefon, Telegraf, Telex";200,00
2026;Niederösterreich;Voranschlag;Gemeinde;31912;Herzogenburg;Finanzierungshaushalt;010;030;728;010;0000000;3225;Integrationsservicestelle;"Entgelte für sonstige Leistungen";6200,00
2026;Niederösterreich;Voranschlag;Gemeinde;31912;Herzogenburg;Finanzierungshaushalt;011;000;710;000;0000000;3225;Personalamt;"Ausgleichstaxe gem. Invalideneinst.gesetz";3000,00
2026;Niederösterreich;Voranschlag;Gemeinde;31912;Herzogenburg;Finanzierungshaushalt;015;000;413;000;0000000;3221;"Pressestelle, Amtsblätter und Öffentlichkeitsarbeit";"Druckkosten Stadtnachrichten";30000,00
2026;Niederösterreich;Voranschlag;Gemeinde;31912;Herzogenburg;Finanzierungshaushalt;015;000;630;000;0000000;3222;"Pressestelle, Amtsblätter und Öffentlichkeitsarbeit";Porto;6600,00
2026;Niederösterreich;Voranschlag;Gemeinde;31912;Herzogenburg;Finanzierungshaushalt;015;000;720;000;0000000;3225;"Pressestelle, Amtsblätter und Öffentlichkeitsarbeit";"Kostenbeiträge für Verwaltungsleistungen";4000,00
2026;Niederösterreich;Voranschlag;Gemeinde;31912;Herzogenburg;Finanzierungshaushalt;015;000;729;000;0000000;3225;"Pressestelle, Amtsblätter und Öffentlichkeitsarbeit";"Sonstige Ausgaben";31000,00
2026;Niederösterreich;Voranschlag;Gemeinde;31912;Herzogenburg;Finanzierungshaushalt;015;000;810;000;0000000;3114;"Pressestelle, Amtsblätter und Öffentlichkeitsarbeit";"Beiträge für Einschaltungen";8000,00
2026;Niederösterreich;Voranschlag;Gemeinde;31912;Herzogenburg;Finanzierungshaushalt;015;000;829;000;0000000;3116;"Pressestelle, Amtsblätter und Öffentlichkeitsarbeit";"Sonstige Erträge";19000,00
2026;Niederösterreich;Voranschlag;Gemeinde;31912;Herzogenburg;Finanzierungshaushalt;019;000;723;000;0000000;3225;Repräsentationen;Repräsentationsausgaben;6000,00
2026;Niederösterreich;Voranschlag;Gemeinde;31912;Herzogenburg;Finanzierungshaushalt;021;000;816;010;0000000;3114;"Statistisches Amt";"Ersätze für statistische Erhebungen";200,00
2026;Niederösterreich;Voranschlag;Gemeinde;31912;Herzogenburg;Finanzierungshaushalt;022;000;456;000;0000000;3221;Standesamt;Büromaterial;200,00
2026;Niederösterreich;Voranschlag;Gemeinde;31912;Herzogenburg;Finanzierungshaushalt;022;000;510;000;0000000;3211;Standesamt;"Bezüge VB-Schema I";63800,00
2026;Niederösterreich;Voranschlag;Gemeinde;31912;Herzogenburg;Finanzierungshaushalt;022;000;540;000;0000000;3213;Standesamt;"Sachbezüge VB-Schema I";200,00
2026;Niederösterreich;Voranschlag;Gemeinde;31912;Herzogenburg;Finanzierungshaushalt;022;000;565;000;0000000;3211;Standesamt;Mehrleistungsvergütungen;0,00
2026;Niederösterreich;Voranschlag;Gemeinde;31912;Herzogenburg;Finanzierungshaushalt;022;000;569;000;0000000;3211;Standesamt;Nebengebühren;7300,00
2026;Niederösterreich;Voranschlag;Gemeinde;31912;Herzogenburg;Finanzierungshaushalt;022;000;580;000;0000000;3212;Standesamt;"Dienstgeberbeitrag zum Ausgleichsfonds";2600,00
2026;Niederösterreich;Voranschlag;Gemeinde;31912;Herzogenburg;Finanzierungshaushalt;022;000;582;000;0000000;3212;Standesamt;"Sonstige DGB. zur sozialen Sicherheit";14800,00
2026;Niederösterreich;Voranschlag;Gemeinde;31912;Herzogenburg;Finanzierungshaushalt;022;000;631;000;0000000;3222;Standesamt;"Telefon, Telegraf, Telex";0,00
2026;Niederösterreich;Voranschlag;Gemeinde;31912;Herzogenburg;Finanzierungshaushalt;022;000;670;000;0000000;3222;Standesamt;Versicherungen;3700,00
2026;Niederösterreich;Voranschlag;Gemeinde;31912;Herzogenburg;Finanzierungshaushalt;022;000;700;000;0000000;3223;Standesamt;"Miet- und Pachtaufwand";0,00
2026;Niederösterreich;Voranschlag;Gemeinde;31912;Herzogenburg;Finanzierungshaushalt;022;000;720;000;0000000;3225;Standesamt;"Kostenbeiträge für Verwaltungs";0,00
2026;Niederösterreich;Voranschlag;Gemeinde;31912;Herzogenburg;Finanzierungshaushalt;022;000;724;000;0000000;3225;Standesamt;Reisegebühren;0,00
2026;Niederösterreich;Voranschlag;Gemeinde;31912;Herzogenburg;Finanzierungshaushalt;022;000;752;010;0000000;3231;Standesamt;"Umlage an Standesamtsverband";63000,00
2026;Niederösterreich;Voranschlag;Gemeinde;31912;Herzogenburg;Finanzierungshaushalt;022;000;827;000;0000000;3116;Standesamt;"Rückers.Personalk. Standesamts";97100,00
2026;Niederösterreich;Voranschlag;Gemeinde;31912;Herzogenburg;Finanzierungshaushalt;022;000;829;010;0000000;3116;Standesamt;"Sonstige Einnahmen";100,00
2026;Niederösterreich;Voranschlag;Gemeinde;31912;Herzogenburg;Finanzierungshaushalt;023;000;456;000;0000000;3221;Einwohneramt;Büromaterial;1300,00
2026;Niederösterreich;Voranschlag;Gemeinde;31912;Herzogenburg;Finanzierungshaushalt;023;000;510;000;0000000;3211;Einwohneramt;"Bezüge VB-Schema I";45200,00
2026;Niederösterreich;Voranschlag;Gemeinde;31912;Herzogenburg;Finanzierungshaushalt;023;000;540;000;0000000;3213;Einwohneramt;"Sachbezüge VB-Schema I";200,00
2026;Niederösterreich;Voranschlag;Gemeinde;31912;Herzogenburg;Finanzierungshaushalt;023;000;565;000;0000000;3211;Einwohneramt;Mehrleistungsvergütungen;100,00
2026;Niederösterreich;Voranschlag;Gemeinde;31912;Herzogenburg;Finanzierungshaushalt;023;000;569;000;0000000;3211;Einwohneramt;Nebengebühren;2600,00
2026;Niederösterreich;Voranschlag;Gemeinde;31912;Herzogenburg;Finanzierungshaushalt;023;000;580;000;0000000;3212;Einwohneramt;"Dienstgeberbeitrag zum Ausgleichsfonds";1800,00
2026;Niederösterreich;Voranschlag;Gemeinde;31912;Herzogenburg;Finanzierungshaushalt;023;000;582;000;0000000;3212;Einwohneramt;"Sonstige DGB. zur sozialen Sicherheit";10000,00
2026;Niederösterreich;Voranschlag;Gemeinde;31912;Herzogenburg;Finanzierungshaushalt;023;000;631;000;0000000;3222;Einwohneramt;"Telefon, Telegraf, Telex";0,00
2026;Niederösterreich;Voranschlag;Gemeinde;31912;Herzogenburg;Finanzierungshaushalt;023;000;724;000;0000000;3225;Einwohneramt;Reisegebühren;0,00
2026;Niederösterreich;Voranschlag;Gemeinde;31912;Herzogenburg;Finanzierungshaushalt;024;000;720;000;0000000;3225;Wahlamt;"Kostenbeiträge für Verwaltungsleistungen";0,00
2026;Niederösterreich;Voranschlag;Gemeinde;31912;Herzogenburg;Finanzierungshaushalt;024;000;728;000;0000000;3225;Wahlamt;"Kosten der Wahlen";0,00
2026;Niederösterreich;Voranschlag;Gemeinde;31912;Herzogenburg;Finanzierungshaushalt;024;000;816;030;0000000;3114;Wahlamt;"Kostenbeiträge für Wahlen";3000,00
2026;Niederösterreich;Voranschlag;Gemeinde;31912;Herzogenburg;Finanzierungshaushalt;029;000;346;000;0000000;3614;Amtsgebäude;"Tilgung von Bankdarlehen";405000,00
2026;Niederösterreich;Voranschlag;Gemeinde;31912;Herzogenburg;Finanzierungshaushalt;029;000;400;000;0000000;3221;Amtsgebäude;"Geringwertige Wirtschaftsgüter";1000,00
2026;Niederösterreich;Voranschlag;Gemeinde;31912;Herzogenburg;Finanzierungshaushalt;029;000;454;000;0000000;3221;Amtsgebäude;Reinigungsmittel;1000,00
2026;Niederösterreich;Voranschlag;Gemeinde;31912;Herzogenburg;Finanzierungshaushalt;029;000;459;000;0000000;3221;Amtsgebäude;"Sonstige Verbrauchsgüter";1800,00
2026;Niederösterreich;Voranschlag;Gemeinde;31912;Herzogenburg;Finanzierungshaushalt;029;000;600;000;0000000;3222;Amtsgebäude;Strom;8000,00
2026;Niederösterreich;Voranschlag;Gemeinde;31912;Herzogenburg;Finanzierungshaushalt;029;000;600;010;0000000;3222;Amtsgebäude;Beheizung;11500,00
2026;Niederösterreich;Voranschlag;Gemeinde;31912;Herzogenburg;Finanzierungshaushalt;029;000;614;000;0000000;3224;Amtsgebäude;"Instandhaltung von Gebäuden";2500,00
2026;Niederösterreich;Voranschlag;Gemeinde;31912;Herzogenburg;Finanzierungshaushalt;029;000;614;000;0000000;3224;Amtsgebäude;"Instandhaltung von Gebäuden";27000,00
2026;Niederösterreich;Voranschlag;Gemeinde;31912;Herzogenburg;Finanzierungshaushalt;029;000;616;000;0000000;3224;Amtsgebäude;"Instandhaltung von Maschinen und maschinellen Anlagen";7000,00
2026;Niederösterreich;Voranschlag;Gemeinde;31912;Herzogenburg;Finanzierungshaushalt;029;000;619;000;0000000;3224;Amtsgebäude;"Instandhaltung der Telefon- u. Uhrenanlagen";2100,00
2026;Niederösterreich;Voranschlag;Gemeinde;31912;Herzogenburg;Finanzierungshaushalt;029;000;650;000;0000000;3241;Amtsgebäude;"Zinsen für Finanzschulden in Euro";11300,00
2026;Niederösterreich;Voranschlag;Gemeinde;31912;Herzogenburg;Finanzierungshaushalt;029;000;670;000;0000000;3222;Amtsgebäude;Versicherungen;8200,00
2026;Niederösterreich;Voranschlag;Gemeinde;31912;Herzogenburg;Finanzierungshaushalt;029;000;711;000;0000000;3225;Amtsgebäude;"Öffentliche Abgaben";13000,00
2026;Niederösterreich;Voranschlag;Gemeinde;31912;Herzogenburg;Finanzierungshaushalt;029;000;720;000;0000000;3225;Amtsgebäude;"Kostenbeiträge für Verwaltungsleistungen";0,00
2026;Niederösterreich;Voranschlag;Gemeinde;31912;Herzogenburg;Finanzierungshaushalt;029;000;729;000;0000000;3225;Amtsgebäude;"Sonstige Ausgaben";200,00
2026;Niederösterreich;Voranschlag;Gemeinde;31912;Herzogenburg;Finanzierungshaushalt;029;000;811;020;0000000;3115;Amtsgebäude;"Mieten- u. Betriebskostenersätze 20%";33400,00
2026;Niederösterreich;Voranschlag;Gemeinde;31912;Herzogenburg;Finanzierungshaushalt;029;000;828;000;0000000;3116;Amtsgebäude;"Rückersätze von Ausgaben";1000,00
2026;Niederösterreich;Voranschlag;Gemeinde;31912;Herzogenburg;Finanzierungshaushalt;029;000;829;000;0000000;3116;Amtsgebäude;"Sonstige Erträge";0,00
2026;Niederösterreich;Voranschlag;Gemeinde;31912;Herzogenburg;Finanzierungshaushalt;029;000;861;200;0000000;3121;Amtsgebäude;"Annuitätenzuschuss des Landes";0,00
2026;Niederösterreich;Voranschlag;Gemeinde;31912;Herzogenburg;Finanzierungshaushalt;030;000;400;000;0000000;3221;Bauamt;"Geringwertige Wirtschaftsgüter";200,00
2026;Niederösterreich;Voranschlag;Gemeinde;31912;Herzogenburg;Finanzierungshaushalt;030;000;456;000;0000000;3221;Bauamt;Büromaterial;500,00
2026;Niederösterreich;Voranschlag;Gemeinde;31912;Herzogenburg;Finanzierungshaushalt;030;000;457;000;0000000;3221;Bauamt;"Gesetzblätter, Zeitschr. und F";100,00
2026;Niederösterreich;Voranschlag;Gemeinde;31912;Herzogenburg;Finanzierungshaushalt;030;000;510;000;0000000;3211;Bauamt;"Bezüge VB-Schema I";209200,00
2026;Niederösterreich;Voranschlag;Gemeinde;31912;Herzogenburg;Finanzierungshaushalt;030;000;540;000;0000000;3213;Bauamt;"Sachbezüge VB-Schema I";1100,00
2026;Niederösterreich;Voranschlag;Gemeinde;31912;Herzogenburg;Finanzierungshaushalt;030;000;569;000;0000000;3211;Bauamt;Nebengebühren;36500,00
2026;Niederösterreich;Voranschlag;Gemeinde;31912;Herzogenburg;Finanzierungshaushalt;030;000;580;000;0000000;3212;Bauamt;"Dienstgeberbeitrag zum Ausgleichsfonds";9000,00
2026;Niederösterreich;Voranschlag;Gemeinde;31912;Herzogenburg;Finanzierungshaushalt;030;000;582;000;0000000;3212;Bauamt;"Sonstige DGB. zur sozialen Sicherheit";52000,00
2026;Niederösterreich;Voranschlag;Gemeinde;31912;Herzogenburg;Finanzierungshaushalt;030;000;618;000;0000000;3224;Bauamt;"Instandhaltung der Büroeinrich";0,00
2026;Niederösterreich;Voranschlag;Gemeinde;31912;Herzogenburg;Finanzierungshaushalt;030;000;631;000;0000000;3222;Bauamt;"Telefon, Telegraf, Telex";1100,00
2026;Niederösterreich;Voranschlag;Gemeinde;31912;Herzogenburg;Finanzierungshaushalt;030;000;640;000;0000000;3222;Bauamt;Sachverständigenhonorare;14000,00
2026;Niederösterreich;Voranschlag;Gemeinde;31912;Herzogenburg;Finanzierungshaushalt;030;000;670;000;0000000;3222;Bauamt;Versicherungen;3800,00
2026;Niederösterreich;Voranschlag;Gemeinde;31912;Herzogenburg;Finanzierungshaushalt;030;000;700;000;0000000;3223;Bauamt;"Leasinggebühr Kopierer";1500,00
2026;Niederösterreich;Voranschlag;Gemeinde;31912;Herzogenburg;Finanzierungshaushalt;030;000;710;000;0000000;3225;Bauamt;"Öffentliche Abgaben, ohne Gebühren gemäß FAG";2000,00
2026;Niederösterreich;Voranschlag;Gemeinde;31912;Herzogenburg;Finanzierungshaushalt;030;000;721;000;0000000;3225;Bauamt;Kommissionsgebühren;0,00
2026;Niederösterreich;Voranschlag;Gemeinde;31912;Herzogenburg;Finanzierungshaushalt;030;000;724;000;0000000;3225;Bauamt;Reisegebühren;1000,00
2026;Niederösterreich;Voranschlag;Gemeinde;31912;Herzogenburg;Finanzierungshaushalt;030;000;728;010;0000000;3225;Bauamt;"Schulung der Bediensteten";500,00
2026;Niederösterreich;Voranschlag;Gemeinde;31912;Herzogenburg;Finanzierungshaushalt;030;000;729;000;0000000;3225;Bauamt;"Sonstige Ausgaben";60000,00
2026;Niederösterreich;Voranschlag;Gemeinde;31912;Herzogenburg;Finanzierungshaushalt;030;000;816;040;0000000;3114;Bauamt;"Ersatz für Sachverständigenhonorare";15000,00
2026;Niederösterreich;Voranschlag;Gemeinde;31912;Herzogenburg;Finanzierungshaushalt;030;000;827;010;0000000;3116;Bauamt;"Kostenersätze für die Überlassung von Bediensteten an Dritte";11500,00
2026;Niederösterreich;Voranschlag;Gemeinde;31912;Herzogenburg;Finanzierungshaushalt;030;000;829;010;0000000;3116;Bauamt;"Sonstige Einnahmen";800,00
2026;Niederösterreich;Voranschlag;Gemeinde;31912;Herzogenburg;Finanzierungshaushalt;031;000;630;000;0000000;3222;"Amt für Raumordnung und Raumplanung";Porto;0,00
2026;Niederösterreich;Voranschlag;Gemeinde;31912;Herzogenburg;Finanzierungshaushalt;031;000;728;030;0000000;3225;"Amt für Raumordnung und Raumplanung";Flächenwidmungsplan;25000,00
2026;Niederösterreich;Voranschlag;Gemeinde;31912;Herzogenburg;Finanzierungshaushalt;031;000;728;040;0000000;3225;"Amt für Raumordnung und Raumplanung";"Digital Kataster Mappe (DKM)";1500,00
2026;Niederösterreich;Voranschlag;Gemeinde;31912;Herzogenburg;Finanzierungshaushalt;031;000;829;010;0000000;3116;"Amt für Raumordnung und Raumplanung";"Sonstige Einnahmen";100,00
2026;Niederösterreich;Voranschlag;Gemeinde;31912;Herzogenburg;Finanzierungshaushalt;060;000;726;000;0000000;3225;"Beiträge an Verbände, Vereine und sonstige Organisationen";"Mitgliedsbeiträge an Verbände und Vereine";60000,00
2026;Niederösterreich;Voranschlag;Gemeinde;31912;Herzogenburg;Finanzierungshaushalt;061;000;757;000;0000000;3234;"Sonstige Subventionen";"Sonstige Beiträge und Spenden";100,00
2026;Niederösterreich;Voranschlag;Gemeinde;31912;Herzogenburg;Finanzierungshaushalt;061;000;757;010;0000000;3234;"Sonstige Subventionen";"Sonstige Subventionen";0,00
2026;Niederösterreich;Voranschlag;Gemeinde;31912;Herzogenburg;Finanzierungshaushalt;062;000;768;010;0000000;3234;"Ehrungen und Auszeichnungen";"Ehrungen und Auszeichnungen";20000,00
2026;Niederösterreich;Voranschlag;Gemeinde;31912;Herzogenburg;Finanzierungshaushalt;070;000;729;030;0000000;3225;Verfügungsmittel;Verfügungsmittel;8000,00
2026;Niederösterreich;Voranschlag;Gemeinde;31912;Herzogenburg;Finanzierungshaushalt;080;000;768;020;0000000;3234;Pensionen;Ehrengaben;0,00
2026;Niederösterreich;Voranschlag;Gemeinde;31912;Herzogenburg;Finanzierungshaushalt;090;000;246;000;0000000;3323;"Personalausbildung und Personalfort bildung";Bezugsvorschüsse-Rückzahlungen;3000,00
2026;Niederösterreich;Voranschlag;Gemeinde;31912;Herzogenburg;Finanzierungshaushalt;090;000;273;000;0000000;3425;"Personalausbildung und Personalfort bildung";Bezugsvorschüsse;0,00
2026;Niederösterreich;Voranschlag;Gemeinde;31912;Herzogenburg;Finanzierungshaushalt;091;000;728;000;0000000;3225;"Personalaus- und fortbildung";"Schulung der Bediensteten";4000,00
2026;Niederösterreich;Voranschlag;Gemeinde;31912;Herzogenburg;Finanzierungshaushalt;094;000;729;040;0000000;3225;Gemeinschaftspflege;Betriebsausflüge;2500,00
2026;Niederösterreich;Voranschlag;Gemeinde;31912;Herzogenburg;Finanzierungshaushalt;133;000;400;010;0000000;3221;Veterinärpolizei;"Ankauf von Hundetoiletten";3000,00
2026;Niederösterreich;Voranschlag;Gemeinde;31912;Herzogenburg;Finanzierungshaushalt;133;000;630;000;0000000;3222;Veterinärpolizei;Postdienste;0,00
2026;Niederösterreich;Voranschlag;Gemeinde;31912;Herzogenburg;Finanzierungshaushalt;133;000;720;000;0000000;3225;Veterinärpolizei;"Kostenbeiträge für Verwaltungsleistungen";10000,00
2026;Niederösterreich;Voranschlag;Gemeinde;31912;Herzogenburg;Finanzierungshaushalt;133;000;729;010;0000000;3225;Veterinärpolizei;"Sonstige Aufwendungen - Hundeauslaufzone";0,00
2026;Niederösterreich;Voranschlag;Gemeinde;31912;Herzogenburg;Finanzierungshaushalt;133;000;808;000;0000000;3116;Veterinärpolizei;"Erlöse für Hundemarken";100,00
2026;Niederösterreich;Voranschlag;Gemeinde;31912;Herzogenburg;Finanzierungshaushalt;139;000;829;010;0000000;3116;"Sonstige Einrichtungen und Maßnahmen";"Nicht behobene Fundgelder";0,00
2026;Niederösterreich;Voranschlag;Gemeinde;31912;Herzogenburg;Finanzierungshaushalt;163;000;010;000;1163000;3413;"Freiwillige Feuerwehren";"Errichtung/Sanierung FF Gebäude";0,00
2026;Niederösterreich;Voranschlag;Gemeinde;31912;Herzogenburg;Finanzierungshaushalt;163;000;346;000;1163000;3514;"Freiwillige Feuerwehren";"Investitionsdarlehen von Finanzunternehmen";0,00
2026;Niederösterreich;Voranschlag;Gemeinde;31912;Herzogenburg;Finanzierungshaushalt;163;000;600;000;0000000;3222;"Freiwillige Feuerwehren";Strom;0,00
2026;Niederösterreich;Voranschlag;Gemeinde;31912;Herzogenburg;Finanzierungshaushalt;163;000;600;000;0000000;3222;"Freiwillige Feuerwehren";"Strom - FF-Herzogenburg";5000,00
2026;Niederösterreich;Voranschlag;Gemeinde;31912;Herzogenburg;Finanzierungshaushalt;163;000;600;000;0000000;3222;"Freiwillige Feuerwehren";"Strom - FF-Oberndorf";4000,00
2026;Niederösterreich;Voranschlag;Gemeinde;31912;Herzogenburg;Finanzierungshaushalt;163;000;600;000;0000000;3222;"Freiwillige Feuerwehren";"Strom - FF-Ossarn";4500,00
2026;Niederösterreich;Voranschlag;Gemeinde;31912;Herzogenburg;Finanzierungshaushalt;163;000;600;000;0000000;3222;"Freiwillige Feuerwehren";"Strom - FF-St. Andrä";2200,00
2026;Niederösterreich;Voranschlag;Gemeinde;31912;Herzogenburg;Finanzierungshaushalt;163;000;600;000;0000000;3222;"Freiwillige Feuerwehren";"Strom - FF-Einöd";1600,00
2026;Niederösterreich;Voranschlag;Gemeinde;31912;Herzogenburg;Finanzierungshaushalt;163;000;600;000;0000000;3222;"Freiwillige Feuerwehren";"Strom - FF-Gutenbrunn";5900,00
2026;Niederösterreich;Voranschlag;Gemeinde;31912;Herzogenburg;Finanzierungshaushalt;163;000;600;010;0000000;3222;"Freiwillige Feuerwehren";Beheizung;0,00
2026;Niederösterreich;Voranschlag;Gemeinde;31912;Herzogenburg;Finanzierungshaushalt;163;000;600;010;0000000;3222;"Freiwillige Feuerwehren";"Beheizung - FF-Herzogenburg";24000,00
2026;Niederösterreich;Voranschlag;Gemeinde;31912;Herzogenburg;Finanzierungshaushalt;163;000;600;010;0000000;3222;"Freiwillige Feuerwehren";"Beheizung - FF-Oberndorf";7000,00
2026;Niederösterreich;Voranschlag;Gemeinde;31912;Herzogenburg;Finanzierungshaushalt;163;000;600;010;0000000;3222;"Freiwillige Feuerwehren";"Beheizung - FF-Ossarn";12000,00
2026;Niederösterreich;Voranschlag;Gemeinde;31912;Herzogenburg;Finanzierungshaushalt;163;000;600;010;0000000;3222;"Freiwillige Feuerwehren";"Beheizung - FF-St. Andrä";6500,00
2026;Niederösterreich;Voranschlag;Gemeinde;31912;Herzogenburg;Finanzierungshaushalt;163;000;600;010;0000000;3222;"Freiwillige Feuerwehren";"Beheizung - FF-Einöd";3500,00
2026;Niederösterreich;Voranschlag;Gemeinde;31912;Herzogenburg;Finanzierungshaushalt;163;000;600;010;0000000;3222;"Freiwillige Feuerwehren";"Beheizung - FF-Gutenbrunn";2500,00
2026;Niederösterreich;Voranschlag;Gemeinde;31912;Herzogenburg;Finanzierungshaushalt;163;000;610;000;0000000;3224;"Freiwillige Feuerwehren";"Instandhaltung von Grund und Boden - FF-Einöd";0,00
2026;Niederösterreich;Voranschlag;Gemeinde;31912;Herzogenburg;Finanzierungshaushalt;163;000;614;000;0000000;3224;"Freiwillige Feuerwehren";"Instandhaltung von Gebäuden";0,00
2026;Niederösterreich;Voranschlag;Gemeinde;31912;Herzogenburg;Finanzierungshaushalt;163;000;614;000;0000000;3224;"Freiwillige Feuerwehren";"Instandhaltung von Gebäuden - FF-Herzogenburg";200,00
2026;Niederösterreich;Voranschlag;Gemeinde;31912;Herzogenburg;Finanzierungshaushalt;163;000;614;000;0000000;3224;"Freiwillige Feuerwehren";"Instandhaltung von Gebäuden - FF-Oberndorf";200,00
2026;Niederösterreich;Voranschlag;Gemeinde;31912;Herzogenburg;Finanzierungshaushalt;163;000;614;000;0000000;3224;"Freiwillige Feuerwehren";"Instandhaltung von Gebäuden - FF-Ossarn";200,00
2026;Niederösterreich;Voranschlag;Gemeinde;31912;Herzogenburg;Finanzierungshaushalt;163;000;614;000;0000000;3224;"Freiwillige Feuerwehren";"Instandhaltung von Gebäuden - FF-St. Andrä";200,00
2026;Niederösterreich;Voranschlag;Gemeinde;31912;Herzogenburg;Finanzierungshaushalt;163;000;614;000;0000000;3224;"Freiwillige Feuerwehren";"Instandhaltung von Gebäuden - FF-Einöd";100,00
2026;Niederösterreich;Voranschlag;Gemeinde;31912;Herzogenburg;Finanzierungshaushalt;163;000;614;000;0000000;3224;"Freiwillige Feuerwehren";"Instandhaltung von Gebäuden - FF-Gutenbrunn";200,00
2026;Niederösterreich;Voranschlag;Gemeinde;31912;Herzogenburg;Finanzierungshaushalt;163;000;616;000;0000000;3224;"Freiwillige Feuerwehren";"Instandhaltung von Maschinen und maschinellen Anlagen";200,00
2026;Niederösterreich;Voranschlag;Gemeinde;31912;Herzogenburg;Finanzierungshaushalt;163;000;616;000;0000000;3224;"Freiwillige Feuerwehren";"Instandhalt.v.Maschinen u.masc";0,00
2026;Niederösterreich;Voranschlag;Gemeinde;31912;Herzogenburg;Finanzierungshaushalt;163;000;619;000;0000000;3224;"Freiwillige Feuerwehren";"Instandhaltung der Telefonanlage";500,00
2026;Niederösterreich;Voranschlag;Gemeinde;31912;Herzogenburg;Finanzierungshaushalt;163;000;631;000;0000000;3222;"Freiwillige Feuerwehren";"Telefon, Telegraf, Telex";0,00
2026;Niederösterreich;Voranschlag;Gemeinde;31912;Herzogenburg;Finanzierungshaushalt;163;000;631;000;0000000;3222;"Freiwillige Feuerwehren";"Telefon, Telegraf, Telex FF-Herzogenburg";3000,00
2026;Niederösterreich;Voranschlag;Gemeinde;31912;Herzogenburg;Finanzierungshaushalt;163;000;631;000;0000000;3222;"Freiwillige Feuerwehren";"Telefon, Telegraf, Telex FF-Oberndorf";1300,00
2026;Niederösterreich;Voranschlag;Gemeinde;31912;Herzogenburg;Finanzierungshaushalt;163;000;631;000;0000000;3222;"Freiwillige Feuerwehren";"Telefon, Telegraf, Telex FF-Ossarn";2200,00
2026;Niederösterreich;Voranschlag;Gemeinde;31912;Herzogenburg;Finanzierungshaushalt;163;000;631;000;0000000;3222;"Freiwillige Feuerwehren";"Telefon, Telegraf, Telex FF-St.Andrä";1000,00
2026;Niederösterreich;Voranschlag;Gemeinde;31912;Herzogenburg;Finanzierungshaushalt;163;000;631;000;0000000;3222;"Freiwillige Feuerwehren";"Telefon, Telegraf, Telex FF-Einöd";1100,00
2026;Niederösterreich;Voranschlag;Gemeinde;31912;Herzogenburg;Finanzierungshaushalt;163;000;631;000;0000000;3222;"Freiwillige Feuerwehren";"Telefon, Telegraf, Telex FF-Gutenbrunn";1500,00
2026;Niederösterreich;Voranschlag;Gemeinde;31912;Herzogenburg;Finanzierungshaushalt;163;000;670;000;0000000;3222;"Freiwillige Feuerwehren";"Versicherungen FF-Herzogenburg";13000,00
2026;Niederösterreich;Voranschlag;Gemeinde;31912;Herzogenburg;Finanzierungshaushalt;163;000;670;000;0000000;3222;"Freiwillige Feuerwehren";"Versicherungen FF-Oberndorf";4400,00
2026;Niederösterreich;Voranschlag;Gemeinde;31912;Herzogenburg;Finanzierungshaushalt;163;000;670;000;0000000;3222;"Freiwillige Feuerwehren";"Versicherungen FF-Ossarn";6200,00
2026;Niederösterreich;Voranschlag;Gemeinde;31912;Herzogenburg;Finanzierungshaushalt;163;000;670;000;0000000;3222;"Freiwillige Feuerwehren";"Versicherungen FF-St.Andrä";2100,00
2026;Niederösterreich;Voranschlag;Gemeinde;31912;Herzogenburg;Finanzierungshaushalt;163;000;670;000;0000000;3222;"Freiwillige Feuerwehren";"Versicherungen FF-Einöd";2200,00
2026;Niederösterreich;Voranschlag;Gemeinde;31912;Herzogenburg;Finanzierungshaushalt;163;000;670;000;0000000;3222;"Freiwillige Feuerwehren";"Versicherungen FF-Gutenbrunn";3800,00
2026;Niederösterreich;Voranschlag;Gemeinde;31912;Herzogenburg;Finanzierungshaushalt;163;000;711;000;0000000;3225;"Freiwillige Feuerwehren";"Öffentliche Abgaben FF-Herzogenburg";4900,00
2026;Niederösterreich;Voranschlag;Gemeinde;31912;Herzogenburg;Finanzierungshaushalt;163;000;711;000;0000000;3225;"Freiwillige Feuerwehren";"Öffentliche Abgaben FF-Oberndorf";1500,00
2026;Niederösterreich;Voranschlag;Gemeinde;31912;Herzogenburg;Finanzierungshaushalt;163;000;711;000;0000000;3225;"Freiwillige Feuerwehren";"Öffentliche Abgaben FF-Ossarn";3800,00
2026;Niederösterreich;Voranschlag;Gemeinde;31912;Herzogenburg;Finanzierungshaushalt;163;000;711;000;0000000;3225;"Freiwillige Feuerwehren";"Öffentliche Abgaben FF-St. Andrä";900,00
2026;Niederösterreich;Voranschlag;Gemeinde;31912;Herzogenburg;Finanzierungshaushalt;163;000;711;000;0000000;3225;"Freiwillige Feuerwehren";"Öffentliche Abgaben FF-Einöd";2800,00
2026;Niederösterreich;Voranschlag;Gemeinde;31912;Herzogenburg;Finanzierungshaushalt;163;000;711;000;0000000;3225;"Freiwillige Feuerwehren";"Öffentliche Abgaben FF-Gutenbrunn";2500,00
2026;Niederösterreich;Voranschlag;Gemeinde;31912;Herzogenburg;Finanzierungshaushalt;163;000;720;000;0000000;3225;"Freiwillige Feuerwehren";"Kostenbeiträge für Verwaltungsleistungen";0,00
2026;Niederösterreich;Voranschlag;Gemeinde;31912;Herzogenburg;Finanzierungshaushalt;163;000;720;000;0000000;3225;"Freiwillige Feuerwehren";"Kostenbeiträge für Verwaltungsleistungen - FF Oberndorf";1500,00
2026;Niederösterreich;Voranschlag;Gemeinde;31912;Herzogenburg;Finanzierungshaushalt;163;000;720;000;0000000;3225;"Freiwillige Feuerwehren";"Kostenbeiträge für Verwaltungsleistungen - FF Oberndorf";0,00
2026;Niederösterreich;Voranschlag;Gemeinde;31912;Herzogenburg;Finanzierungshaushalt;163;000;720;000;0000000;3225;"Freiwillige Feuerwehren";"Kostenbeiträge für Verwaltungsleistungen - FF-Ossarn";4200,00
2026;Niederösterreich;Voranschlag;Gemeinde;31912;Herzogenburg;Finanzierungshaushalt;163;000;720;000;0000000;3225;"Freiwillige Feuerwehren";"Kostenbeiträge für Verwaltungsleistungen - FF-St.Andrä an der Traisen";200,00
2026;Niederösterreich;Voranschlag;Gemeinde;31912;Herzogenburg;Finanzierungshaushalt;163;000;720;000;0000000;3225;"Freiwillige Feuerwehren";"Kostenbeiträge für Verwaltungsleistungen - FF-Einöd";1000,00
2026;Niederösterreich;Voranschlag;Gemeinde;31912;Herzogenburg;Finanzierungshaushalt;163;000;720;000;0000000;3225;"Freiwillige Feuerwehren";"Kostenbeiträge für Verwaltungsleistungen - FF-Gutenbrunn";800,00
2026;Niederösterreich;Voranschlag;Gemeinde;31912;Herzogenburg;Finanzierungshaushalt;163;000;720;000;0000000;3225;"Freiwillige Feuerwehren";"Kostenbeiträge für Verwaltungsleistungen - FF-Gutenbrunn";0,00
2026;Niederösterreich;Voranschlag;Gemeinde;31912;Herzogenburg;Finanzierungshaushalt;163;000;723;000;0000000;3225;"Freiwillige Feuerwehren";Repräsentationsauslagen;0,00
2026;Niederösterreich;Voranschlag;Gemeinde;31912;Herzogenburg;Finanzierungshaushalt;163;000;723;000;0000000;3225;"Freiwillige Feuerwehren";"Repräsentationsauslagen - FF-Herzogenburg";400,00
2026;Niederösterreich;Voranschlag;Gemeinde;31912;Herzogenburg;Finanzierungshaushalt;163;000;723;000;0000000;3225;"Freiwillige Feuerwehren";"Repräsentationsauslagen - FF-Oberndorf in der Ebene";400,00
2026;Niederösterreich;Voranschlag;Gemeinde;31912;Herzogenburg;Finanzierungshaushalt;163;000;723;000;0000000;3225;"Freiwillige Feuerwehren";"Repräsentationsauslagen - FF Ossarn";300,00
2026;Niederösterreich;Voranschlag;Gemeinde;31912;Herzogenburg;Finanzierungshaushalt;163;000;723;000;0000000;3225;"Freiwillige Feuerwehren";"Repräsentationsauslagen FF. St. Andrä an der Traisen";300,00
2026;Niederösterreich;Voranschlag;Gemeinde;31912;Herzogenburg;Finanzierungshaushalt;163;000;723;000;0000000;3225;"Freiwillige Feuerwehren";"Repräsentationsauslagen FF. Einöd";300,00
2026;Niederösterreich;Voranschlag;Gemeinde;31912;Herzogenburg;Finanzierungshaushalt;163;000;723;000;0000000;3225;"Freiwillige Feuerwehren";"Repräsentationsauslagen FF. Gutenbrunn";300,00
2026;Niederösterreich;Voranschlag;Gemeinde;31912;Herzogenburg;Finanzierungshaushalt;163;000;726;000;0000000;3225;"Freiwillige Feuerwehren";"Mitgliedsbeiträge an Institutionen - FF Gutenbrunn";0,00
2026;Niederösterreich;Voranschlag;Gemeinde;31912;Herzogenburg;Finanzierungshaushalt;163;000;729;000;0000000;3225;"Freiwillige Feuerwehren";"Sonstige Ausgaben";0,00
2026;Niederösterreich;Voranschlag;Gemeinde;31912;Herzogenburg;Finanzierungshaushalt;163;000;729;000;0000000;3225;"Freiwillige Feuerwehren";"Sonstige Ausgaben - FF-Herzogenburg";0,00
2026;Niederösterreich;Voranschlag;Gemeinde;31912;Herzogenburg;Finanzierungshaushalt;163;000;729;000;0000000;3225;"Freiwillige Feuerwehren";"Sonstige Ausgaben - FF-Oberndorf";0,00
2026;Niederösterreich;Voranschlag;Gemeinde;31912;Herzogenburg;Finanzierungshaushalt;163;000;729;000;0000000;3225;"Freiwillige Feuerwehren";"Sonstige Ausgaben - FF-Ossarn";0,00
2026;Niederösterreich;Voranschlag;Gemeinde;31912;Herzogenburg;Finanzierungshaushalt;163;000;729;000;0000000;3225;"Freiwillige Feuerwehren";"Sonstige Ausgaben - FF-Gutenbrunn";0,00
2026;Niederösterreich;Voranschlag;Gemeinde;31912;Herzogenburg;Finanzierungshaushalt;163;000;754;000;0000000;3231;"Freiwillige Feuerwehren";"Beitrag an das Bezirksfeuerweh";2500,00
2026;Niederösterreich;Voranschlag;Gemeinde;31912;Herzogenburg;Finanzierungshaushalt;163;000;757;000;0000000;3234;"Freiwillige Feuerwehren";"Subvention f. Ankäufe FF";0,00
2026;Niederösterreich;Voranschlag;Gemeinde;31912;Herzogenburg;Finanzierungshaushalt;163;000;757;000;0000000;3234;"Freiwillige Feuerwehren";"Subvention Ankäufe FF Herzogenburg";344000,00
2026;Niederösterreich;Voranschlag;Gemeinde;31912;Herzogenburg;Finanzierungshaushalt;163;000;757;000;0000000;3234;"Freiwillige Feuerwehren";"Subvention Ankäufe FF Oberndorf";29800,00
2026;Niederösterreich;Voranschlag;Gemeinde;31912;Herzogenburg;Finanzierungshaushalt;163;000;757;000;0000000;3234;"Freiwillige Feuerwehren";"Subvention Ankäufe FF Ossarn";344900,00
2026;Niederösterreich;Voranschlag;Gemeinde;31912;Herzogenburg;Finanzierungshaushalt;163;000;757;000;0000000;3234;"Freiwillige Feuerwehren";"Subvention Ankäufe FF St. Andrä/Traisen";24800,00
2026;Niederösterreich;Voranschlag;Gemeinde;31912;Herzogenburg;Finanzierungshaushalt;163;000;757;000;0000000;3234;"Freiwillige Feuerwehren";"Subvention Ankäufe FF Einöd";0,00
2026;Niederösterreich;Voranschlag;Gemeinde;31912;Herzogenburg;Finanzierungshaushalt;163;000;757;000;0000000;3234;"Freiwillige Feuerwehren";"Subvention Ankäufe FF Gutenbrunn";9000,00
2026;Niederösterreich;Voranschlag;Gemeinde;31912;Herzogenburg;Finanzierungshaushalt;163;000;811;000;0000000;3115;"Freiwillige Feuerwehren";"Mieten- und Betriebskostenersätze";3700,00
2026;Niederösterreich;Voranschlag;Gemeinde;31912;Herzogenburg;Finanzierungshaushalt;163;000;828;000;0000000;3116;"Freiwillige Feuerwehren";"FF Herzogenburg";100,00
2026;Niederösterreich;Voranschlag;Gemeinde;31912;Herzogenburg;Finanzierungshaushalt;163;000;828;000;0000000;3116;"Freiwillige Feuerwehren";"FF Oberndorf - Rückersätze";0,00
2026;Niederösterreich;Voranschlag;Gemeinde;31912;Herzogenburg;Finanzierungshaushalt;163;000;828;000;0000000;3116;"Freiwillige Feuerwehren";"FF Ossarn - Rückersätze";100,00
2026;Niederösterreich;Voranschlag;Gemeinde;31912;Herzogenburg;Finanzierungshaushalt;163;000;828;000;0000000;3116;"Freiwillige Feuerwehren";"FF St. Andrä - Rückersätze";100,00
2026;Niederösterreich;Voranschlag;Gemeinde;31912;Herzogenburg;Finanzierungshaushalt;163;000;828;000;0000000;3116;"Freiwillige Feuerwehren";"FF Einöd - Rückersätze";100,00
2026;Niederösterreich;Voranschlag;Gemeinde;31912;Herzogenburg;Finanzierungshaushalt;163;000;828;000;0000000;3116;"Freiwillige Feuerwehren";"FF Gutenbrunn - Rückersätze";100,00
2026;Niederösterreich;Voranschlag;Gemeinde;31912;Herzogenburg;Finanzierungshaushalt;163;000;829;030;0000000;3116;"Freiwillige Feuerwehren";Schadenersatzleistungen;0,00
2026;Niederösterreich;Voranschlag;Gemeinde;31912;Herzogenburg;Finanzierungshaushalt;180;000;726;000;0000000;3225;Zivilschutz;"Mitgliedsbeitrag Zivilschutz";1800,00
2026;Niederösterreich;Voranschlag;Gemeinde;31912;Herzogenburg;Finanzierungshaushalt;180;000;729;000;0000000;3225;Zivilschutz;"Sonstige Ausgaben";20800,00
2026;Niederösterreich;Voranschlag;Gemeinde;31912;Herzogenburg;Finanzierungshaushalt;211;000;042;000;2000001;3415;Volksschulen;"Schulmöbel, Lehrmittel";3000,00
2026;Niederösterreich;Voranschlag;Gemeinde;31912;Herzogenburg;Finanzierungshaushalt;211;000;042;040;2000001;3415;Volksschulen;"PC Ankauf und Verkabelung";5000,00
2026;Niederösterreich;Voranschlag;Gemeinde;31912;Herzogenburg;Finanzierungshaushalt;211;000;060;000;1211000;3412;Volksschulen;"Errichtung Schulzentrum";10000000,00
2026;Niederösterreich;Voranschlag;Gemeinde;31912;Herzogenburg;Finanzierungshaushalt;211;000;301;000;0000000;3331;Volksschulen;"Kapitaltransfers von Ländern, Landesfonds und Landeskammern";0,00
2026;Niederösterreich;Voranschlag;Gemeinde;31912;Herzogenburg;Finanzierungshaushalt;211;000;301;000;1211000;3331;Volksschulen;"Kapitaltransfers von Ländern, Landesfonds und Landeskammern";0,00
2026;Niederösterreich;Voranschlag;Gemeinde;31912;Herzogenburg;Finanzierungshaushalt;211;000;346;000;0000000;3614;Volksschulen;"Tilgung von Bankdarlehen";50000,00
2026;Niederösterreich;Voranschlag;Gemeinde;31912;Herzogenburg;Finanzierungshaushalt;211;000;346;000;1211000;3514;Volksschulen;"Investitionsdarlehen von Finanzunternehmen";10000000,00
2026;Niederösterreich;Voranschlag;Gemeinde;31912;Herzogenburg;Finanzierungshaushalt;211;000;400;000;0000000;3221;Volksschulen;"Geringwertige Wirtschaftsgüter";1000,00
2026;Niederösterreich;Voranschlag;Gemeinde;31912;Herzogenburg;Finanzierungshaushalt;211;000;400;010;0000000;3221;Volksschulen;"Geringwertige Wirtschaftsgüter (GWG) ganztägige Schulform";500,00
2026;Niederösterreich;Voranschlag;Gemeinde;31912;Herzogenburg;Finanzierungshaushalt;211;000;454;000;0000000;3221;Volksschulen;Reinigungsmittel;700,00
2026;Niederösterreich;Voranschlag;Gemeinde;31912;Herzogenburg;Finanzierungshaushalt;211;000;454;010;0000000;3221;Volksschulen;"Reinigungsmittel ganztägige Schulform";100,00
2026;Niederösterreich;Voranschlag;Gemeinde;31912;Herzogenburg;Finanzierungshaushalt;211;000;456;000;0000000;3221;Volksschulen;Büromaterial;1500,00
2026;Niederösterreich;Voranschlag;Gemeinde;31912;Herzogenburg;Finanzierungshaushalt;211;000;457;000;0000000;3221;Volksschulen;"Gesetzesblätter, Zeitschriften und Formulare";800,00
2026;Niederösterreich;Voranschlag;Gemeinde;31912;Herzogenburg;Finanzierungshaushalt;211;000;457;010;0000000;3221;Volksschulen;"Bücher und Hefte für Schüler";0,00
2026;Niederösterreich;Voranschlag;Gemeinde;31912;Herzogenburg;Finanzierungshaushalt;211;000;459;000;0000000;3221;Volksschulen;"Sonstige Verbrauchsgüter";4500,00
2026;Niederösterreich;Voranschlag;Gemeinde;31912;Herzogenburg;Finanzierungshaushalt;211;000;459;010;0000000;3221;Volksschulen;Lernmittel;3000,00
2026;Niederösterreich;Voranschlag;Gemeinde;31912;Herzogenburg;Finanzierungshaushalt;211;000;459;020;0000000;3221;Volksschulen;Handarbeitsmaterial;800,00
2026;Niederösterreich;Voranschlag;Gemeinde;31912;Herzogenburg;Finanzierungshaushalt;211;000;459;030;0000000;3221;Volksschulen;"Sonstige Verbrauchsgüter - ganztägige Schulform";900,00
2026;Niederösterreich;Voranschlag;Gemeinde;31912;Herzogenburg;Finanzierungshaushalt;211;000;511;000;0000000;3211;Volksschulen;"Bezüge VB-Schema II";76600,00
2026;Niederösterreich;Voranschlag;Gemeinde;31912;Herzogenburg;Finanzierungshaushalt;211;000;523;000;0000000;3211;Volksschulen;"Bezüge sonstiger Arbeiter";4500,00
2026;Niederösterreich;Voranschlag;Gemeinde;31912;Herzogenburg;Finanzierungshaushalt;211;000;541;000;0000000;3213;Volksschulen;"Sachbezüge VB-Schema II";300,00
2026;Niederösterreich;Voranschlag;Gemeinde;31912;Herzogenburg;Finanzierungshaushalt;211;000;565;000;0000000;3211;Volksschulen;Mehrleistungsvergütungen;0,00
2026;Niederösterreich;Voranschlag;Gemeinde;31912;Herzogenburg;Finanzierungshaushalt;211;000;569;000;0000000;3211;Volksschulen;Nebengebühren;2000,00
2026;Niederösterreich;Voranschlag;Gemeinde;31912;Herzogenburg;Finanzierungshaushalt;211;000;580;000;0000000;3212;Volksschulen;"Dienstgeberbeitrag zum Ausgleichsfonds";2900,00
2026;Niederösterreich;Voranschlag;Gemeinde;31912;Herzogenburg;Finanzierungshaushalt;211;000;582;000;0000000;3212;Volksschulen;"Sonstige DGB. zur sozialen Sicherheit";16800,00
2026;Niederösterreich;Voranschlag;Gemeinde;31912;Herzogenburg;Finanzierungshaushalt;211;000;600;000;0000000;3222;Volksschulen;Strom;6500,00
2026;Niederösterreich;Voranschlag;Gemeinde;31912;Herzogenburg;Finanzierungshaushalt;211;000;600;010;0000000;3222;Volksschulen;Beheizung;28000,00
2026;Niederösterreich;Voranschlag;Gemeinde;31912;Herzogenburg;Finanzierungshaushalt;211;000;610;000;0000000;3224;Volksschulen;"Instandhaltung von Grund und Boden";200,00
2026;Niederösterreich;Voranschlag;Gemeinde;31912;Herzogenburg;Finanzierungshaushalt;211;000;614;000;0000000;3224;Volksschulen;"Instandhaltung von Gebäuden";500,00
2026;Niederösterreich;Voranschlag;Gemeinde;31912;Herzogenburg;Finanzierungshaushalt;211;000;616;000;0000000;3224;Volksschulen;"Instandhaltung von Maschinen und maschinellen Anlagen";1000,00
2026;Niederösterreich;Voranschlag;Gemeinde;31912;Herzogenburg;Finanzierungshaushalt;211;000;618;000;0000000;3224;Volksschulen;"Instandhaltung der Schuleinrichtung";1300,00
2026;Niederösterreich;Voranschlag;Gemeinde;31912;Herzogenburg;Finanzierungshaushalt;211;000;618;040;0000000;3224;Volksschulen;"Service für EDV";3000,00
2026;Niederösterreich;Voranschlag;Gemeinde;31912;Herzogenburg;Finanzierungshaushalt;211;000;619;000;0000000;3224;Volksschulen;"Instandhaltung der Telefon-u.Uhrena";1300,00
2026;Niederösterreich;Voranschlag;Gemeinde;31912;Herzogenburg;Finanzierungshaushalt;211;000;630;000;0000000;3222;Volksschulen;Porto;200,00
2026;Niederösterreich;Voranschlag;Gemeinde;31912;Herzogenburg;Finanzierungshaushalt;211;000;631;000;0000000;3222;Volksschulen;"Telefon, Telegraf, Telex";1500,00
2026;Niederösterreich;Voranschlag;Gemeinde;31912;Herzogenburg;Finanzierungshaushalt;211;000;650;000;0000000;3241;Volksschulen;"Zinsen für Finanzschulden in Euro";28000,00
2026;Niederösterreich;Voranschlag;Gemeinde;31912;Herzogenburg;Finanzierungshaushalt;211;000;670;000;0000000;3222;Volksschulen;Versicherungen;6700,00
2026;Niederösterreich;Voranschlag;Gemeinde;31912;Herzogenburg;Finanzierungshaushalt;211;000;700;000;0000000;3223;Volksschulen;"Leasinggebühr Kopierer";3800,00
2026;Niederösterreich;Voranschlag;Gemeinde;31912;Herzogenburg;Finanzierungshaushalt;211;000;711;000;0000000;3225;Volksschulen;"Öffentliche Abgaben";8900,00
2026;Niederösterreich;Voranschlag;Gemeinde;31912;Herzogenburg;Finanzierungshaushalt;211;000;720;000;0000000;3225;Volksschulen;"Kostenbeiträge für Verwaltungsleistungen";1800,00
2026;Niederösterreich;Voranschlag;Gemeinde;31912;Herzogenburg;Finanzierungshaushalt;211;000;725;000;0000000;3225;Volksschulen;"Lehrer- und Schülerbücherei";1000,00
2026;Niederösterreich;Voranschlag;Gemeinde;31912;Herzogenburg;Finanzierungshaushalt;211;000;726;000;0000000;3225;Volksschulen;"Mitgliedsbeiträge an Institutionen";100,00
2026;Niederösterreich;Voranschlag;Gemeinde;31912;Herzogenburg;Finanzierungshaushalt;211;000;728;000;0000000;3225;Volksschulen;"Leistungsentgelte an Firmen";2500,00
2026;Niederösterreich;Voranschlag;Gemeinde;31912;Herzogenburg;Finanzierungshaushalt;211;000;728;010;0000000;3225;Volksschulen;"Kosten ganztägige Schulform";130000,00
2026;Niederösterreich;Voranschlag;Gemeinde;31912;Herzogenburg;Finanzierungshaushalt;211;000;728;030;0000000;3225;Volksschulen;Ferienbetreuung;0,00
2026;Niederösterreich;Voranschlag;Gemeinde;31912;Herzogenburg;Finanzierungshaushalt;211;000;728;050;0000000;3225;Volksschulen;Unterrichtsfilmbeitrag;1500,00
2026;Niederösterreich;Voranschlag;Gemeinde;31912;Herzogenburg;Finanzierungshaushalt;211;000;729;000;0000000;3225;Volksschulen;"Sonstige Ausgaben";2500,00
2026;Niederösterreich;Voranschlag;Gemeinde;31912;Herzogenburg;Finanzierungshaushalt;211;000;828;000;0000000;3116;Volksschulen;"Rückersätze von Aufwendungen";0,00
2026;Niederösterreich;Voranschlag;Gemeinde;31912;Herzogenburg;Finanzierungshaushalt;211;000;861;000;0000000;3121;Volksschulen;"Förderung ganztägige Schulform";27000,00
2026;Niederösterreich;Voranschlag;Gemeinde;31912;Herzogenburg;Finanzierungshaushalt;211;000;861;010;0000000;3121;Volksschulen;"Förderung Ferienbetreuung";5000,00
2026;Niederösterreich;Voranschlag;Gemeinde;31912;Herzogenburg;Finanzierungshaushalt;211;000;861;200;0000000;3121;Volksschulen;"Annuitätenzuschuss des Landes";0,00
2026;Niederösterreich;Voranschlag;Gemeinde;31912;Herzogenburg;Finanzierungshaushalt;211;000;871;010;0000000;3121;Volksschulen;"Land NÖ.-Beihilfe Schul-u.KiGa";0,00
2026;Niederösterreich;Voranschlag;Gemeinde;31912;Herzogenburg;Finanzierungshaushalt;211;010;042;000;2000001;3415;"Volksschule St. Andrä/Traisen";"Schulmöbel, Lehrmittel";3000,00
2026;Niederösterreich;Voranschlag;Gemeinde;31912;Herzogenburg;Finanzierungshaushalt;211;010;042;040;2000001;3415;"Volksschule St. Andrä/Traisen";"Ankauf EDV Anlage";3000,00
2026;Niederösterreich;Voranschlag;Gemeinde;31912;Herzogenburg;Finanzierungshaushalt;211;010;400;000;0000000;3221;"Volksschule St. Andrä/Traisen";"Geringwertige Wirtschaftsgüter (GWG)";600,00
2026;Niederösterreich;Voranschlag;Gemeinde;31912;Herzogenburg;Finanzierungshaushalt;211;010;454;000;0000000;3221;"Volksschule St. Andrä/Traisen";Reinigungsmittel;400,00
2026;Niederösterreich;Voranschlag;Gemeinde;31912;Herzogenburg;Finanzierungshaushalt;211;010;456;000;0000000;3221;"Volksschule St. Andrä/Traisen";Büromaterial;500,00
2026;Niederösterreich;Voranschlag;Gemeinde;31912;Herzogenburg;Finanzierungshaushalt;211;010;457;000;0000000;3221;"Volksschule St. Andrä/Traisen";"Gesetzblätter, Zeitschriften und Formulare";1000,00
2026;Niederösterreich;Voranschlag;Gemeinde;31912;Herzogenburg;Finanzierungshaushalt;211;010;457;010;0000000;3221;"Volksschule St. Andrä/Traisen";"Bücher und Hefte für Schüler";0,00
2026;Niederösterreich;Voranschlag;Gemeinde;31912;Herzogenburg;Finanzierungshaushalt;211;010;459;000;0000000;3221;"Volksschule St. Andrä/Traisen";"Sonstige Verbrauchsgüter";800,00
2026;Niederösterreich;Voranschlag;Gemeinde;31912;Herzogenburg;Finanzierungshaushalt;211;010;459;010;0000000;3221;"Volksschule St. Andrä/Traisen";Lernmittel;1500,00
2026;Niederösterreich;Voranschlag;Gemeinde;31912;Herzogenburg;Finanzierungshaushalt;211;010;459;020;0000000;3221;"Volksschule St. Andrä/Traisen";Handarbeitsmaterial;400,00
2026;Niederösterreich;Voranschlag;Gemeinde;31912;Herzogenburg;Finanzierungshaushalt;211;010;511;000;0000000;3211;"Volksschule St. Andrä/Traisen";"Bezüge VB-Schema II";19500,00
2026;Niederösterreich;Voranschlag;Gemeinde;31912;Herzogenburg;Finanzierungshaushalt;211;010;523;000;0000000;3211;"Volksschule St. Andrä/Traisen";"Bezüge sonstiger Arbeiter";300,00
2026;Niederösterreich;Voranschlag;Gemeinde;31912;Herzogenburg;Finanzierungshaushalt;211;010;541;000;0000000;3213;"Volksschule St. Andrä/Traisen";"Sachbezüge VB-Schema II";100,00
2026;Niederösterreich;Voranschlag;Gemeinde;31912;Herzogenburg;Finanzierungshaushalt;211;010;565;000;0000000;3211;"Volksschule St. Andrä/Traisen";Mehrleistungsvergütungen;100,00
2026;Niederösterreich;Voranschlag;Gemeinde;31912;Herzogenburg;Finanzierungshaushalt;211;010;569;000;0000000;3211;"Volksschule St. Andrä/Traisen";Nebengebühren;600,00
2026;Niederösterreich;Voranschlag;Gemeinde;31912;Herzogenburg;Finanzierungshaushalt;211;010;580;000;0000000;3212;"Volksschule St. Andrä/Traisen";"Dienstgeberbeiträge zum Ausgleichsfonds für Familienbeihilfen";700,00
2026;Niederösterreich;Voranschlag;Gemeinde;31912;Herzogenburg;Finanzierungshaushalt;211;010;582;000;0000000;3212;"Volksschule St. Andrä/Traisen";"Sonstige Dienstgeberbeiträge zur sozialen Sicherheit";4300,00
2026;Niederösterreich;Voranschlag;Gemeinde;31912;Herzogenburg;Finanzierungshaushalt;211;010;600;000;0000000;3222;"Volksschule St. Andrä/Traisen";Strom;1500,00
2026;Niederösterreich;Voranschlag;Gemeinde;31912;Herzogenburg;Finanzierungshaushalt;211;010;600;010;0000000;3222;"Volksschule St. Andrä/Traisen";Beheizung;11000,00
2026;Niederösterreich;Voranschlag;Gemeinde;31912;Herzogenburg;Finanzierungshaushalt;211;010;610;000;0000000;3224;"Volksschule St. Andrä/Traisen";"Instandhaltung von Grund und Boden";5000,00
2026;Niederösterreich;Voranschlag;Gemeinde;31912;Herzogenburg;Finanzierungshaushalt;211;010;614;000;0000000;3224;"Volksschule St. Andrä/Traisen";"Instandhaltung von Gebäuden und Bauten";3000,00
2026;Niederösterreich;Voranschlag;Gemeinde;31912;Herzogenburg;Finanzierungshaushalt;211;010;616;000;0000000;3224;"Volksschule St. Andrä/Traisen";"Instandhaltung von Maschinen und maschinellen Anlagen";700,00
2026;Niederösterreich;Voranschlag;Gemeinde;31912;Herzogenburg;Finanzierungshaushalt;211;010;618;000;0000000;3224;"Volksschule St. Andrä/Traisen";"Instandhaltung der Schuleinrichtung";700,00
2026;Niederösterreich;Voranschlag;Gemeinde;31912;Herzogenburg;Finanzierungshaushalt;211;010;618;040;0000000;3224;"Volksschule St. Andrä/Traisen";"Service für EDV";800,00
2026;Niederösterreich;Voranschlag;Gemeinde;31912;Herzogenburg;Finanzierungshaushalt;211;010;630;000;0000000;3222;"Volksschule St. Andrä/Traisen";Porto;100,00
2026;Niederösterreich;Voranschlag;Gemeinde;31912;Herzogenburg;Finanzierungshaushalt;211;010;631;000;0000000;3222;"Volksschule St. Andrä/Traisen";"Telefon, Telegraf, Telex";1000,00
2026;Niederösterreich;Voranschlag;Gemeinde;31912;Herzogenburg;Finanzierungshaushalt;211;010;670;000;0000000;3222;"Volksschule St. Andrä/Traisen";Versicherungen;1800,00
2026;Niederösterreich;Voranschlag;Gemeinde;31912;Herzogenburg;Finanzierungshaushalt;211;010;700;000;0000000;3223;"Volksschule St. Andrä/Traisen";"Hallenmiete Freizeitanlage";2300,00
2026;Niederösterreich;Voranschlag;Gemeinde;31912;Herzogenburg;Finanzierungshaushalt;211;010;700;010;0000000;3223;"Volksschule St. Andrä/Traisen";"Leasinggebühr Kopierer";1700,00
2026;Niederösterreich;Voranschlag;Gemeinde;31912;Herzogenburg;Finanzierungshaushalt;211;010;711;000;0000000;3225;"Volksschule St. Andrä/Traisen";"Öffentliche Abgaben";2600,00
2026;Niederösterreich;Voranschlag;Gemeinde;31912;Herzogenburg;Finanzierungshaushalt;211;010;720;000;0000000;3225;"Volksschule St. Andrä/Traisen";"Kostenbeiträge (Kostenersätze) für Verwaltungsleistungen";1000,00
2026;Niederösterreich;Voranschlag;Gemeinde;31912;Herzogenburg;Finanzierungshaushalt;211;010;725;000;0000000;3225;"Volksschule St. Andrä/Traisen";"Lehrer- und Schülerbücherei";800,00
2026;Niederösterreich;Voranschlag;Gemeinde;31912;Herzogenburg;Finanzierungshaushalt;211;010;728;010;0000000;3225;"Volksschule St. Andrä/Traisen";"Fahrtkosten zur Sporthalle";1500,00
2026;Niederösterreich;Voranschlag;Gemeinde;31912;Herzogenburg;Finanzierungshaushalt;211;010;728;050;0000000;3225;"Volksschule St. Andrä/Traisen";Unterrichtsfilmbeitrag;400,00
2026;Niederösterreich;Voranschlag;Gemeinde;31912;Herzogenburg;Finanzierungshaushalt;211;010;729;000;0000000;3225;"Volksschule St. Andrä/Traisen";"Sonstige Ausgaben";300,00
2026;Niederösterreich;Voranschlag;Gemeinde;31912;Herzogenburg;Finanzierungshaushalt;212;000;700;000;0000000;3223;Mittelschulen;"Miete Schulwartwohnung";5700,00
2026;Niederösterreich;Voranschlag;Gemeinde;31912;Herzogenburg;Finanzierungshaushalt;212;000;752;000;0000000;3231;Mittelschulen;Schulumlagen;532200,00
2026;Niederösterreich;Voranschlag;Gemeinde;31912;Herzogenburg;Finanzierungshaushalt;213;000;042;000;2000001;3415;Sonderschulen;"Amts-, Betriebs- und Geschäftsausstattung";0,00
2026;Niederösterreich;Voranschlag;Gemeinde;31912;Herzogenburg;Finanzierungshaushalt;213;000;042;010;2000001;3415;Sonderschulen;"Schulmöbel, Lehrmittel";1000,00
2026;Niederösterreich;Voranschlag;Gemeinde;31912;Herzogenburg;Finanzierungshaushalt;213;000;042;040;2000001;3415;Sonderschulen;"Ankauf EDV-Anlage";1000,00
2026;Niederösterreich;Voranschlag;Gemeinde;31912;Herzogenburg;Finanzierungshaushalt;213;000;060;000;1211000;3412;Sonderschulen;"Errichtung Bildungscampus";0,00
2026;Niederösterreich;Voranschlag;Gemeinde;31912;Herzogenburg;Finanzierungshaushalt;213;000;346;000;1211000;3514;Sonderschulen;"Investitionsdarlehen von Finanzunternehmen";0,00
2026;Niederösterreich;Voranschlag;Gemeinde;31912;Herzogenburg;Finanzierungshaushalt;213;000;400;000;0000000;3221;Sonderschulen;"Geringwertige Wirtschaftsgüter";500,00
2026;Niederösterreich;Voranschlag;Gemeinde;31912;Herzogenburg;Finanzierungshaushalt;213;000;454;000;0000000;3221;Sonderschulen;Reinigungsmittel;400,00
2026;Niederösterreich;Voranschlag;Gemeinde;31912;Herzogenburg;Finanzierungshaushalt;213;000;456;000;0000000;3221;Sonderschulen;Büromaterial;1100,00
2026;Niederösterreich;Voranschlag;Gemeinde;31912;Herzogenburg;Finanzierungshaushalt;213;000;457;000;0000000;3221;Sonderschulen;"Gesetzesblätter, Zeitschriften und Formulare";100,00
2026;Niederösterreich;Voranschlag;Gemeinde;31912;Herzogenburg;Finanzierungshaushalt;213;000;457;010;0000000;3221;Sonderschulen;"Bücher und Hefte für Schüler";0,00
2026;Niederösterreich;Voranschlag;Gemeinde;31912;Herzogenburg;Finanzierungshaushalt;213;000;459;000;0000000;3221;Sonderschulen;"Sonstige Verbrauchsgüter";1500,00
2026;Niederösterreich;Voranschlag;Gemeinde;31912;Herzogenburg;Finanzierungshaushalt;213;000;459;010;0000000;3221;Sonderschulen;Lernmittel;2000,00
2026;Niederösterreich;Voranschlag;Gemeinde;31912;Herzogenburg;Finanzierungshaushalt;213;000;459;020;0000000;3221;Sonderschulen;Handarbeitsmaterial;400,00
2026;Niederösterreich;Voranschlag;Gemeinde;31912;Herzogenburg;Finanzierungshaushalt;213;000;511;000;0000000;3211;Sonderschulen;"Bezüge VB-Schema II";64600,00
2026;Niederösterreich;Voranschlag;Gemeinde;31912;Herzogenburg;Finanzierungshaushalt;213;000;523;000;0000000;3211;Sonderschulen;"Bezüge sonstiger Arbeiter";0,00
2026;Niederösterreich;Voranschlag;Gemeinde;31912;Herzogenburg;Finanzierungshaushalt;213;000;541;000;0000000;3213;Sonderschulen;"Sachbezüge VB-Schema II";300,00
2026;Niederösterreich;Voranschlag;Gemeinde;31912;Herzogenburg;Finanzierungshaushalt;213;000;565;000;0000000;3211;Sonderschulen;Mehrleistungsvergütungen;100,00
2026;Niederösterreich;Voranschlag;Gemeinde;31912;Herzogenburg;Finanzierungshaushalt;213;000;569;000;0000000;3211;Sonderschulen;Nebengebühren;1200,00
2026;Niederösterreich;Voranschlag;Gemeinde;31912;Herzogenburg;Finanzierungshaushalt;213;000;580;000;0000000;3212;Sonderschulen;"Dienstgeberbeitrag zum Ausgleichsfonds";2400,00
2026;Niederösterreich;Voranschlag;Gemeinde;31912;Herzogenburg;Finanzierungshaushalt;213;000;582;000;0000000;3212;Sonderschulen;"Sonstige DGB. zur sozialen Sicherheit";14100,00
2026;Niederösterreich;Voranschlag;Gemeinde;31912;Herzogenburg;Finanzierungshaushalt;213;000;600;000;0000000;3222;Sonderschulen;Strom;2600,00
2026;Niederösterreich;Voranschlag;Gemeinde;31912;Herzogenburg;Finanzierungshaushalt;213;000;600;010;0000000;3222;Sonderschulen;Beheizung;16000,00
2026;Niederösterreich;Voranschlag;Gemeinde;31912;Herzogenburg;Finanzierungshaushalt;213;000;614;000;0000000;3224;Sonderschulen;"Instandhaltung von Gebäuden";1000,00
2026;Niederösterreich;Voranschlag;Gemeinde;31912;Herzogenburg;Finanzierungshaushalt;213;000;616;000;0000000;3224;Sonderschulen;"Instandhaltung von Maschinen und maschinellen Anlagen";300,00
2026;Niederösterreich;Voranschlag;Gemeinde;31912;Herzogenburg;Finanzierungshaushalt;213;000;618;000;0000000;3224;Sonderschulen;"Instandhaltung der Schuleinrichtung";500,00
2026;Niederösterreich;Voranschlag;Gemeinde;31912;Herzogenburg;Finanzierungshaushalt;213;000;618;040;0000000;3224;Sonderschulen;"Service für EDV";500,00
2026;Niederösterreich;Voranschlag;Gemeinde;31912;Herzogenburg;Finanzierungshaushalt;213;000;630;000;0000000;3222;Sonderschulen;Porto;100,00
2026;Niederösterreich;Voranschlag;Gemeinde;31912;Herzogenburg;Finanzierungshaushalt;213;000;631;000;0000000;3222;Sonderschulen;"Telefon, Telegraf, Telex";700,00
2026;Niederösterreich;Voranschlag;Gemeinde;31912;Herzogenburg;Finanzierungshaushalt;213;000;670;000;0000000;3222;Sonderschulen;Versicherungen;3000,00
2026;Niederösterreich;Voranschlag;Gemeinde;31912;Herzogenburg;Finanzierungshaushalt;213;000;700;000;0000000;3223;Sonderschulen;"Leasinggebühr Kopierer";1300,00
2026;Niederösterreich;Voranschlag;Gemeinde;31912;Herzogenburg;Finanzierungshaushalt;213;000;700;010;0000000;3223;Sonderschulen;Pachtzinse;200,00
2026;Niederösterreich;Voranschlag;Gemeinde;31912;Herzogenburg;Finanzierungshaushalt;213;000;711;000;0000000;3225;Sonderschulen;"Öffentliche Abgaben";3700,00
2026;Niederösterreich;Voranschlag;Gemeinde;31912;Herzogenburg;Finanzierungshaushalt;213;000;720;001;0000000;3225;Sonderschulen;"Kostenbeiträge für Verwaltungsleistungen";800,00
2026;Niederösterreich;Voranschlag;Gemeinde;31912;Herzogenburg;Finanzierungshaushalt;213;000;725;000;0000000;3225;Sonderschulen;"Lehrer- und Schülerbücherei";500,00
2026;Niederösterreich;Voranschlag;Gemeinde;31912;Herzogenburg;Finanzierungshaushalt;213;000;728;000;0000000;3225;Sonderschulen;"Entgelte für sonstige Leistungen";2000,00
2026;Niederösterreich;Voranschlag;Gemeinde;31912;Herzogenburg;Finanzierungshaushalt;213;000;728;050;0000000;3225;Sonderschulen;Unterrichtsfilmbeitrag;200,00
2026;Niederösterreich;Voranschlag;Gemeinde;31912;Herzogenburg;Finanzierungshaushalt;213;000;729;000;0000000;3225;Sonderschulen;"Sonstige Ausgaben";300,00
2026;Niederösterreich;Voranschlag;Gemeinde;31912;Herzogenburg;Finanzierungshaushalt;213;000;752;000;0000000;3231;Sonderschulen;Schulumlagen;24000,00
2026;Niederösterreich;Voranschlag;Gemeinde;31912;Herzogenburg;Finanzierungshaushalt;213;000;752;010;0000000;3231;Sonderschulen;"Schulumlage Nachzahlung";0,00
2026;Niederösterreich;Voranschlag;Gemeinde;31912;Herzogenburg;Finanzierungshaushalt;213;000;828;000;0000000;3116;Sonderschulen;"Rückersätze von Aufwendungen";0,00
2026;Niederösterreich;Voranschlag;Gemeinde;31912;Herzogenburg;Finanzierungshaushalt;213;000;861;000;0000000;3121;Sonderschulen;"Förderung Betreuungsperson";3900,00
2026;Niederösterreich;Voranschlag;Gemeinde;31912;Herzogenburg;Finanzierungshaushalt;213;000;863;000;0000000;3121;Sonderschulen;Schulumlagen;20100,00
2026;Niederösterreich;Voranschlag;Gemeinde;31912;Herzogenburg;Finanzierungshaushalt;213;000;863;100;0000000;3121;Sonderschulen;"Rückersatz Strom- und Heizkosten";7400,00
2026;Niederösterreich;Voranschlag;Gemeinde;31912;Herzogenburg;Finanzierungshaushalt;214;000;752;000;0000000;3231;"Polytechnische Schulen";Schulumlagen;45500,00
2026;Niederösterreich;Voranschlag;Gemeinde;31912;Herzogenburg;Finanzierungshaushalt;220;000;751;000;0000000;3231;"Berufsbildende Pflichtschulen";Berufsschulerhaltungsbeitrag;203300,00
2026;Niederösterreich;Voranschlag;Gemeinde;31912;Herzogenburg;Finanzierungshaushalt;228;000;720;000;0000000;3225;"Berufsausbildung schulentlassener Jugendlicher";"Kostenbeiträge (Kostenersätze) für Leistungen";0,00
2026;Niederösterreich;Voranschlag;Gemeinde;31912;Herzogenburg;Finanzierungshaushalt;228;000;757;000;0000000;3234;"Berufsausbildung schulentlassener Jugendlicher";Lehrlingsförderungen;5000,00
2026;Niederösterreich;Voranschlag;Gemeinde;31912;Herzogenburg;Finanzierungshaushalt;240;000;010;005;1240000;3413;"Kindergarten Herzogenburg";"Errichtung eines Kindergarten";0,00
2026;Niederösterreich;Voranschlag;Gemeinde;31912;Herzogenburg;Finanzierungshaushalt;240;000;042;040;2000001;3415;"Kindergarten Herzogenburg";"Ankauf EDV";1400,00
2026;Niederösterreich;Voranschlag;Gemeinde;31912;Herzogenburg;Finanzierungshaushalt;240;000;301;000;0000000;3331;"Kindergarten Herzogenburg";"Kapitaltransfers von Ländern, Landesfonds und Landeskammern";0,00
2026;Niederösterreich;Voranschlag;Gemeinde;31912;Herzogenburg;Finanzierungshaushalt;240;000;346;000;0000000;3614;"Kindergarten Herzogenburg";"Investitionsdarlehen von Finanzunternehmen";0,00
2026;Niederösterreich;Voranschlag;Gemeinde;31912;Herzogenburg;Finanzierungshaushalt;240;000;346;000;1240000;3514;"Kindergarten Herzogenburg";"Investitionsdarlehen von Finanzunternehmen";0,00
2026;Niederösterreich;Voranschlag;Gemeinde;31912;Herzogenburg;Finanzierungshaushalt;240;000;400;000;0000000;3221;"Kindergarten Herzogenburg";"Geringwertige Wirtschaftsgüter";1800,00
2026;Niederösterreich;Voranschlag;Gemeinde;31912;Herzogenburg;Finanzierungshaushalt;240;000;400;010;0000000;3221;"Kindergarten Herzogenburg";"Ankauf Turn-/Spielgeräte - GWG";0,00
2026;Niederösterreich;Voranschlag;Gemeinde;31912;Herzogenburg;Finanzierungshaushalt;240;000;430;000;0000000;3221;"Kindergarten Herzogenburg";"Essen für Tageskindergarten";0,00
2026;Niederösterreich;Voranschlag;Gemeinde;31912;Herzogenburg;Finanzierungshaushalt;240;000;454;000;0000000;3221;"Kindergarten Herzogenburg";Reinigungsmittel;600,00
2026;Niederösterreich;Voranschlag;Gemeinde;31912;Herzogenburg;Finanzierungshaushalt;240;000;456;000;0000000;3221;"Kindergarten Herzogenburg";Büromaterial;700,00
2026;Niederösterreich;Voranschlag;Gemeinde;31912;Herzogenburg;Finanzierungshaushalt;240;000;457;000;0000000;3221;"Kindergarten Herzogenburg";"Gesetzesblätter, Zeitschriften und Formulare";100,00
2026;Niederösterreich;Voranschlag;Gemeinde;31912;Herzogenburg;Finanzierungshaushalt;240;000;459;000;0000000;3221;"Kindergarten Herzogenburg";"Sonstige Verbrauchsgüter";1300,00
2026;Niederösterreich;Voranschlag;Gemeinde;31912;Herzogenburg;Finanzierungshaushalt;240;000;459;010;0000000;3221;"Kindergarten Herzogenburg";"Bastelwaren Gruppe 1";2600,00
2026;Niederösterreich;Voranschlag;Gemeinde;31912;Herzogenburg;Finanzierungshaushalt;240;000;459;010;0000000;3221;"Kindergarten Herzogenburg";"Bastelwaren Gruppe 2";1800,00
2026;Niederösterreich;Voranschlag;Gemeinde;31912;Herzogenburg;Finanzierungshaushalt;240;000;459;010;0000000;3221;"Kindergarten Herzogenburg";"Bastelwaren Gruppe 3";1900,00
2026;Niederösterreich;Voranschlag;Gemeinde;31912;Herzogenburg;Finanzierungshaushalt;240;000;459;010;0000000;3221;"Kindergarten Herzogenburg";"Bastelwaren Gruppe 4";2600,00
2026;Niederösterreich;Voranschlag;Gemeinde;31912;Herzogenburg;Finanzierungshaushalt;240;000;511;000;0000000;3211;"Kindergarten Herzogenburg";"Bezüge VB-Schema II";142700,00
2026;Niederösterreich;Voranschlag;Gemeinde;31912;Herzogenburg;Finanzierungshaushalt;240;000;523;000;0000000;3211;"Kindergarten Herzogenburg";"Bezüge sonstiger Arbeiter";4000,00
2026;Niederösterreich;Voranschlag;Gemeinde;31912;Herzogenburg;Finanzierungshaushalt;240;000;541;000;0000000;3213;"Kindergarten Herzogenburg";"Sachbezüge VB-Schema II";600,00
2026;Niederösterreich;Voranschlag;Gemeinde;31912;Herzogenburg;Finanzierungshaushalt;240;000;569;000;0000000;3211;"Kindergarten Herzogenburg";Nebengebühren;4600,00
2026;Niederösterreich;Voranschlag;Gemeinde;31912;Herzogenburg;Finanzierungshaushalt;240;000;580;000;0000000;3212;"Kindergarten Herzogenburg";"Dienstgeberbeitrag zum Ausgleichsfonds";5400,00
2026;Niederösterreich;Voranschlag;Gemeinde;31912;Herzogenburg;Finanzierungshaushalt;240;000;582;000;0000000;3212;"Kindergarten Herzogenburg";"Sonstige DGB. zur sozialen Sicherheit";31600,00
2026;Niederösterreich;Voranschlag;Gemeinde;31912;Herzogenburg;Finanzierungshaushalt;240;000;600;000;0000000;3222;"Kindergarten Herzogenburg";Strom;1900,00
2026;Niederösterreich;Voranschlag;Gemeinde;31912;Herzogenburg;Finanzierungshaushalt;240;000;600;010;0000000;3222;"Kindergarten Herzogenburg";Beheizung;12500,00
2026;Niederösterreich;Voranschlag;Gemeinde;31912;Herzogenburg;Finanzierungshaushalt;240;000;610;000;0000000;3224;"Kindergarten Herzogenburg";"Instandhaltung von Grund und Boden";2000,00
2026;Niederösterreich;Voranschlag;Gemeinde;31912;Herzogenburg;Finanzierungshaushalt;240;000;614;000;0000000;3224;"Kindergarten Herzogenburg";"Instandhaltung von Gebäuden";1000,00
2026;Niederösterreich;Voranschlag;Gemeinde;31912;Herzogenburg;Finanzierungshaushalt;240;000;616;000;0000000;3224;"Kindergarten Herzogenburg";"Instandhaltung von Maschinen und maschinellen Anlagen";0,00
2026;Niederösterreich;Voranschlag;Gemeinde;31912;Herzogenburg;Finanzierungshaushalt;240;000;618;000;0000000;3224;"Kindergarten Herzogenburg";"Instandhaltung der Einrichtung";1100,00
2026;Niederösterreich;Voranschlag;Gemeinde;31912;Herzogenburg;Finanzierungshaushalt;240;000;618;040;0000000;3224;"Kindergarten Herzogenburg";"Service für EDV";100,00
2026;Niederösterreich;Voranschlag;Gemeinde;31912;Herzogenburg;Finanzierungshaushalt;240;000;630;000;0000000;3222;"Kindergarten Herzogenburg";Porto;100,00
2026;Niederösterreich;Voranschlag;Gemeinde;31912;Herzogenburg;Finanzierungshaushalt;240;000;631;000;0000000;3222;"Kindergarten Herzogenburg";"Telefon, Telegraf, Telex";800,00
2026;Niederösterreich;Voranschlag;Gemeinde;31912;Herzogenburg;Finanzierungshaushalt;240;000;670;000;0000000;3222;"Kindergarten Herzogenburg";Versicherungen;2600,00
2026;Niederösterreich;Voranschlag;Gemeinde;31912;Herzogenburg;Finanzierungshaushalt;240;000;700;000;0000000;3223;"Kindergarten Herzogenburg";"Leasinggebühr Kopierer";1300,00
2026;Niederösterreich;Voranschlag;Gemeinde;31912;Herzogenburg;Finanzierungshaushalt;240;000;711;000;0000000;3225;"Kindergarten Herzogenburg";"Öffentliche Abgaben";4200,00
2026;Niederösterreich;Voranschlag;Gemeinde;31912;Herzogenburg;Finanzierungshaushalt;240;000;720;000;0000000;3225;"Kindergarten Herzogenburg";"Kostenbeiträge für Verwaltungsleistungen";3500,00
2026;Niederösterreich;Voranschlag;Gemeinde;31912;Herzogenburg;Finanzierungshaushalt;240;000;728;010;0000000;3225;"Kindergarten Herzogenburg";"Schulung für Bedienstete";500,00
2026;Niederösterreich;Voranschlag;Gemeinde;31912;Herzogenburg;Finanzierungshaushalt;240;000;728;020;0000000;3225;"Kindergarten Herzogenburg";"Entschädigung für Anstellung Leiharbeiter";0,00
2026;Niederösterreich;Voranschlag;Gemeinde;31912;Herzogenburg;Finanzierungshaushalt;240;000;728;030;0000000;3225;"Kindergarten Herzogenburg";"Entgelte für sonstige Leistungen";0,00
2026;Niederösterreich;Voranschlag;Gemeinde;31912;Herzogenburg;Finanzierungshaushalt;240;000;728;060;0000000;3225;"Kindergarten Herzogenburg";"Fahrtkosten für auswärtige Kinder";4500,00
2026;Niederösterreich;Voranschlag;Gemeinde;31912;Herzogenburg;Finanzierungshaushalt;240;000;729;000;0000000;3225;"Kindergarten Herzogenburg";"Sonstige Ausgaben";0,00
2026;Niederösterreich;Voranschlag;Gemeinde;31912;Herzogenburg;Finanzierungshaushalt;240;000;810;000;0000000;3114;"Kindergarten Herzogenburg";Elternbeiträge;9100,00
2026;Niederösterreich;Voranschlag;Gemeinde;31912;Herzogenburg;Finanzierungshaushalt;240;000;810;010;0000000;3114;"Kindergarten Herzogenburg";Nachmittagsbetreuung-Kostenbeitrag;14400,00
2026;Niederösterreich;Voranschlag;Gemeinde;31912;Herzogenburg;Finanzierungshaushalt;240;000;810;020;0000000;3114;"Kindergarten Herzogenburg";"Essen für Tageskindergarten";0,00
2026;Niederösterreich;Voranschlag;Gemeinde;31912;Herzogenburg;Finanzierungshaushalt;240;000;816;010;0000000;3114;"Kindergarten Herzogenburg";"Fahrtkostenbeiträge der Eltern";400,00
2026;Niederösterreich;Voranschlag;Gemeinde;31912;Herzogenburg;Finanzierungshaushalt;240;000;828;000;0000000;3116;"Kindergarten Herzogenburg";"Rückersätze von Aufwendungen";0,00
2026;Niederösterreich;Voranschlag;Gemeinde;31912;Herzogenburg;Finanzierungshaushalt;240;000;829;000;0000000;3116;"Kindergarten Herzogenburg";"Sonstige Erträge";0,00
2026;Niederösterreich;Voranschlag;Gemeinde;31912;Herzogenburg;Finanzierungshaushalt;240;000;829;030;0000000;3116;"Kindergarten Herzogenburg";Schadenersatzleistungen;0,00
2026;Niederösterreich;Voranschlag;Gemeinde;31912;Herzogenburg;Finanzierungshaushalt;240;000;861;000;0000000;3121;"Kindergarten Herzogenburg";"Transfers von Ländern, Landesfonds und Landeskammern";79900,00
2026;Niederösterreich;Voranschlag;Gemeinde;31912;Herzogenburg;Finanzierungshaushalt;240;000;871;000;0000000;3121;"Kindergarten Herzogenburg";"Land NÖ.-Beihilfe Schul-u.KiGa";0,00
2026;Niederösterreich;Voranschlag;Gemeinde;31912;Herzogenburg;Finanzierungshaushalt;240;010;042;000;2000001;3415;"Kindergarten Oberndorf/Ebene";"Anschaffung von Einrichtungsgegenständen";1100,00
2026;Niederösterreich;Voranschlag;Gemeinde;31912;Herzogenburg;Finanzierungshaushalt;240;010;346;000;0000000;3614;"Kindergarten Oberndorf/Ebene";"Tilgung von Bankdarlehen";24300,00
2026;Niederösterreich;Voranschlag;Gemeinde;31912;Herzogenburg;Finanzierungshaushalt;240;010;400;000;0000000;3221;"Kindergarten Oberndorf/Ebene";"Geringwertige Wirtschaftsgüter (GWG)";2000,00
2026;Niederösterreich;Voranschlag;Gemeinde;31912;Herzogenburg;Finanzierungshaushalt;240;010;430;000;0000000;3221;"Kindergarten Oberndorf/Ebene";"Essen für Tageskindergarten";0,00
2026;Niederösterreich;Voranschlag;Gemeinde;31912;Herzogenburg;Finanzierungshaushalt;240;010;454;000;0000000;3221;"Kindergarten Oberndorf/Ebene";Reinigungsmittel;300,00
2026;Niederösterreich;Voranschlag;Gemeinde;31912;Herzogenburg;Finanzierungshaushalt;240;010;456;000;0000000;3221;"Kindergarten Oberndorf/Ebene";Büromaterial;200,00
2026;Niederösterreich;Voranschlag;Gemeinde;31912;Herzogenburg;Finanzierungshaushalt;240;010;457;000;0000000;3221;"Kindergarten Oberndorf/Ebene";"Gesetzblätter, Zeitschriften und Formulare";100,00
2026;Niederösterreich;Voranschlag;Gemeinde;31912;Herzogenburg;Finanzierungshaushalt;240;010;459;000;0000000;3221;"Kindergarten Oberndorf/Ebene";"Sonstige Verbrauchsgüter";1300,00
2026;Niederösterreich;Voranschlag;Gemeinde;31912;Herzogenburg;Finanzierungshaushalt;240;010;459;010;0000000;3221;"Kindergarten Oberndorf/Ebene";Bastelwaren;0,00
2026;Niederösterreich;Voranschlag;Gemeinde;31912;Herzogenburg;Finanzierungshaushalt;240;010;459;010;0000000;3221;"Kindergarten Oberndorf/Ebene";"Bastelwaren Gruppe 1";2100,00
2026;Niederösterreich;Voranschlag;Gemeinde;31912;Herzogenburg;Finanzierungshaushalt;240;010;459;010;0000000;3221;"Kindergarten Oberndorf/Ebene";"Bastelwaren Gruppe 2";2600,00
2026;Niederösterreich;Voranschlag;Gemeinde;31912;Herzogenburg;Finanzierungshaushalt;240;010;459;010;0000000;3221;"Kindergarten Oberndorf/Ebene";"Bastelwaren Gruppe 3";2500,00
2026;Niederösterreich;Voranschlag;Gemeinde;31912;Herzogenburg;Finanzierungshaushalt;240;010;511;000;0000000;3211;"Kindergarten Oberndorf/Ebene";"Bezüge VB-Schema II";114500,00
2026;Niederösterreich;Voranschlag;Gemeinde;31912;Herzogenburg;Finanzierungshaushalt;240;010;523;000;0000000;3211;"Kindergarten Oberndorf/Ebene";"Bezüge sonstiger Arbeiter";2000,00
2026;Niederösterreich;Voranschlag;Gemeinde;31912;Herzogenburg;Finanzierungshaushalt;240;010;541;000;0000000;3213;"Kindergarten Oberndorf/Ebene";"Sachbezüge VB-Schema II";600,00
2026;Niederösterreich;Voranschlag;Gemeinde;31912;Herzogenburg;Finanzierungshaushalt;240;010;565;000;0000000;3211;"Kindergarten Oberndorf/Ebene";Mehrleistungsvergütungen;0,00
2026;Niederösterreich;Voranschlag;Gemeinde;31912;Herzogenburg;Finanzierungshaushalt;240;010;569;000;0000000;3211;"Kindergarten Oberndorf/Ebene";Nebengebühren;3300,00
2026;Niederösterreich;Voranschlag;Gemeinde;31912;Herzogenburg;Finanzierungshaushalt;240;010;580;000;0000000;3212;"Kindergarten Oberndorf/Ebene";"Dienstgeberbeiträge zum Ausgleichsfonds für Familienbeihilfen";4300,00
2026;Niederösterreich;Voranschlag;Gemeinde;31912;Herzogenburg;Finanzierungshaushalt;240;010;582;000;0000000;3212;"Kindergarten Oberndorf/Ebene";"Sonstige Dienstgeberbeiträge zur sozialen Sicherheit";21100,00
2026;Niederösterreich;Voranschlag;Gemeinde;31912;Herzogenburg;Finanzierungshaushalt;240;010;600;000;0000000;3222;"Kindergarten Oberndorf/Ebene";Strom;1900,00
2026;Niederösterreich;Voranschlag;Gemeinde;31912;Herzogenburg;Finanzierungshaushalt;240;010;600;010;0000000;3222;"Kindergarten Oberndorf/Ebene";Beheizung;6000,00
2026;Niederösterreich;Voranschlag;Gemeinde;31912;Herzogenburg;Finanzierungshaushalt;240;010;610;000;0000000;3224;"Kindergarten Oberndorf/Ebene";"Instandhaltung von Grund und Boden";1600,00
2026;Niederösterreich;Voranschlag;Gemeinde;31912;Herzogenburg;Finanzierungshaushalt;240;010;614;000;0000000;3224;"Kindergarten Oberndorf/Ebene";"Instandhaltung von Gebäuden und Bauten";4000,00
2026;Niederösterreich;Voranschlag;Gemeinde;31912;Herzogenburg;Finanzierungshaushalt;240;010;616;000;0000000;3224;"Kindergarten Oberndorf/Ebene";"Instandhaltung von Maschinen und maschinellen Anlagen";300,00
2026;Niederösterreich;Voranschlag;Gemeinde;31912;Herzogenburg;Finanzierungshaushalt;240;010;618;000;0000000;3224;"Kindergarten Oberndorf/Ebene";"Instandhaltung der Einrichtung";2000,00
2026;Niederösterreich;Voranschlag;Gemeinde;31912;Herzogenburg;Finanzierungshaushalt;240;010;630;000;0000000;3222;"Kindergarten Oberndorf/Ebene";Porto;100,00
2026;Niederösterreich;Voranschlag;Gemeinde;31912;Herzogenburg;Finanzierungshaushalt;240;010;631;000;0000000;3222;"Kindergarten Oberndorf/Ebene";"Telefon, Telegraf, Telex";800,00
2026;Niederösterreich;Voranschlag;Gemeinde;31912;Herzogenburg;Finanzierungshaushalt;240;010;650;000;0000000;3241;"Kindergarten Oberndorf/Ebene";"Zinsen für Finanzschulden in Euro";1600,00
2026;Niederösterreich;Voranschlag;Gemeinde;31912;Herzogenburg;Finanzierungshaushalt;240;010;670;000;0000000;3222;"Kindergarten Oberndorf/Ebene";Versicherungen;5000,00
2026;Niederösterreich;Voranschlag;Gemeinde;31912;Herzogenburg;Finanzierungshaushalt;240;010;700;000;0000000;3223;"Kindergarten Oberndorf/Ebene";"Leasinggebühr für Kopierer";1000,00
2026;Niederösterreich;Voranschlag;Gemeinde;31912;Herzogenburg;Finanzierungshaushalt;240;010;711;000;0000000;3225;"Kindergarten Oberndorf/Ebene";"Öffentliche Abgaben";4100,00
2026;Niederösterreich;Voranschlag;Gemeinde;31912;Herzogenburg;Finanzierungshaushalt;240;010;720;000;0000000;3225;"Kindergarten Oberndorf/Ebene";"Kostenbeiträge (Kostenersätze) für Verwaltungsleistungen";1800,00
2026;Niederösterreich;Voranschlag;Gemeinde;31912;Herzogenburg;Finanzierungshaushalt;240;010;728;060;0000000;3225;"Kindergarten Oberndorf/Ebene";"Fahrtkosten für auswärtige Kinder";15100,00
2026;Niederösterreich;Voranschlag;Gemeinde;31912;Herzogenburg;Finanzierungshaushalt;240;010;729;000;0000000;3225;"Kindergarten Oberndorf/Ebene";"Sonstige Ausgaben";0,00
2026;Niederösterreich;Voranschlag;Gemeinde;31912;Herzogenburg;Finanzierungshaushalt;240;010;810;000;0000000;3114;"Kindergarten Oberndorf/Ebene";Elternbeiträge;7300,00
2026;Niederösterreich;Voranschlag;Gemeinde;31912;Herzogenburg;Finanzierungshaushalt;240;010;810;010;0000000;3114;"Kindergarten Oberndorf/Ebene";Nachmittagsbetreuung-Kostenbeiträge;3400,00
2026;Niederösterreich;Voranschlag;Gemeinde;31912;Herzogenburg;Finanzierungshaushalt;240;010;810;020;0000000;3114;"Kindergarten Oberndorf/Ebene";"Essen für Tageskindergarten";0,00
2026;Niederösterreich;Voranschlag;Gemeinde;31912;Herzogenburg;Finanzierungshaushalt;240;010;816;010;0000000;3114;"Kindergarten Oberndorf/Ebene";"Fahrtkostenbeiträge der Eltern";1400,00
2026;Niederösterreich;Voranschlag;Gemeinde;31912;Herzogenburg;Finanzierungshaushalt;240;010;827;000;0000000;3116;"Kindergarten Oberndorf/Ebene";"AMS NÖ. Ersatz";9600,00
2026;Niederösterreich;Voranschlag;Gemeinde;31912;Herzogenburg;Finanzierungshaushalt;240;010;861;000;0000000;3121;"Kindergarten Oberndorf/Ebene";"Transfers von Ländern, Landesfonds und Landeskammern";64900,00
2026;Niederösterreich;Voranschlag;Gemeinde;31912;Herzogenburg;Finanzierungshaushalt;240;010;861;200;0000000;3121;"Kindergarten Oberndorf/Ebene";"Annuitätenzuschuss des Landes";11200,00
2026;Niederösterreich;Voranschlag;Gemeinde;31912;Herzogenburg;Finanzierungshaushalt;240;020;346;000;0000000;3614;"Kindergarten St. Andrä/Traisen";"Tilgung von Bankdarlehen";175000,00
2026;Niederösterreich;Voranschlag;Gemeinde;31912;Herzogenburg;Finanzierungshaushalt;240;020;400;000;0000000;3221;"Kindergarten St. Andrä/Traisen";"Geringwertige Wirtschaftsgüter (GWG)";1400,00
2026;Niederösterreich;Voranschlag;Gemeinde;31912;Herzogenburg;Finanzierungshaushalt;240;020;430;000;0000000;3221;"Kindergarten St. Andrä/Traisen";"Essen für Tageskindergarten";0,00
2026;Niederösterreich;Voranschlag;Gemeinde;31912;Herzogenburg;Finanzierungshaushalt;240;020;454;000;0000000;3221;"Kindergarten St. Andrä/Traisen";Reinigungsmittel;400,00
2026;Niederösterreich;Voranschlag;Gemeinde;31912;Herzogenburg;Finanzierungshaushalt;240;020;456;000;0000000;3221;"Kindergarten St. Andrä/Traisen";Büromaterial;300,00
2026;Niederösterreich;Voranschlag;Gemeinde;31912;Herzogenburg;Finanzierungshaushalt;240;020;457;000;0000000;3221;"Kindergarten St. Andrä/Traisen";"Gesetzblätter, Zeitschriften und Formulare";100,00
2026;Niederösterreich;Voranschlag;Gemeinde;31912;Herzogenburg;Finanzierungshaushalt;240;020;459;000;0000000;3221;"Kindergarten St. Andrä/Traisen";"Sonstige Verbrauchsgüter";1000,00
2026;Niederösterreich;Voranschlag;Gemeinde;31912;Herzogenburg;Finanzierungshaushalt;240;020;459;010;0000000;3221;"Kindergarten St. Andrä/Traisen";Bastelwaren;0,00
2026;Niederösterreich;Voranschlag;Gemeinde;31912;Herzogenburg;Finanzierungshaushalt;240;020;459;010;0000000;3221;"Kindergarten St. Andrä/Traisen";"Bastelwaren Gruppe 1";2100,00
2026;Niederösterreich;Voranschlag;Gemeinde;31912;Herzogenburg;Finanzierungshaushalt;240;020;459;010;0000000;3221;"Kindergarten St. Andrä/Traisen";"Bastelwaren Gruppe 2";2200,00
2026;Niederösterreich;Voranschlag;Gemeinde;31912;Herzogenburg;Finanzierungshaushalt;240;020;459;010;0000000;3221;"Kindergarten St. Andrä/Traisen";"Bastelwaren Gruppe 3";2200,00
2026;Niederösterreich;Voranschlag;Gemeinde;31912;Herzogenburg;Finanzierungshaushalt;240;020;511;000;0000000;3211;"Kindergarten St. Andrä/Traisen";"Bezüge VB-Schema II";96900,00
2026;Niederösterreich;Voranschlag;Gemeinde;31912;Herzogenburg;Finanzierungshaushalt;240;020;523;000;0000000;3211;"Kindergarten St. Andrä/Traisen";"Bezüge sonstiger Arbeiter";2000,00
2026;Niederösterreich;Voranschlag;Gemeinde;31912;Herzogenburg;Finanzierungshaushalt;240;020;541;000;0000000;3213;"Kindergarten St. Andrä/Traisen";"Sachbezüge VB-Schema II";400,00
2026;Niederösterreich;Voranschlag;Gemeinde;31912;Herzogenburg;Finanzierungshaushalt;240;020;569;000;0000000;3211;"Kindergarten St. Andrä/Traisen";Nebengebühren;3500,00
2026;Niederösterreich;Voranschlag;Gemeinde;31912;Herzogenburg;Finanzierungshaushalt;240;020;580;000;0000000;3212;"Kindergarten St. Andrä/Traisen";"Dienstgeberbeiträge zum Ausgleichsfonds für Familienbeihilfen";3700,00
2026;Niederösterreich;Voranschlag;Gemeinde;31912;Herzogenburg;Finanzierungshaushalt;240;020;582;000;0000000;3212;"Kindergarten St. Andrä/Traisen";"Sonstige Dienstgeberbeiträge zur sozialen Sicherheit";21000,00
2026;Niederösterreich;Voranschlag;Gemeinde;31912;Herzogenburg;Finanzierungshaushalt;240;020;600;000;0000000;3222;"Kindergarten St. Andrä/Traisen";Strom;3400,00
2026;Niederösterreich;Voranschlag;Gemeinde;31912;Herzogenburg;Finanzierungshaushalt;240;020;610;000;0000000;3224;"Kindergarten St. Andrä/Traisen";"Instandhaltung von Grund und Boden";800,00
2026;Niederösterreich;Voranschlag;Gemeinde;31912;Herzogenburg;Finanzierungshaushalt;240;020;614;000;0000000;3224;"Kindergarten St. Andrä/Traisen";"Instandhaltung von Gebäuden und Bauten";1500,00
2026;Niederösterreich;Voranschlag;Gemeinde;31912;Herzogenburg;Finanzierungshaushalt;240;020;616;000;0000000;3224;"Kindergarten St. Andrä/Traisen";"Instandhaltung von Maschinen und maschinellen Anlagen";200,00
2026;Niederösterreich;Voranschlag;Gemeinde;31912;Herzogenburg;Finanzierungshaushalt;240;020;618;000;0000000;3224;"Kindergarten St. Andrä/Traisen";"Instandhaltung von sonstigen Anlagen";700,00
2026;Niederösterreich;Voranschlag;Gemeinde;31912;Herzogenburg;Finanzierungshaushalt;240;020;618;040;0000000;3224;"Kindergarten St. Andrä/Traisen";"Service für EDV";0,00
2026;Niederösterreich;Voranschlag;Gemeinde;31912;Herzogenburg;Finanzierungshaushalt;240;020;619;000;0000000;3224;"Kindergarten St. Andrä/Traisen";"Instandhaltung der Telefonanlage";0,00
2026;Niederösterreich;Voranschlag;Gemeinde;31912;Herzogenburg;Finanzierungshaushalt;240;020;630;000;0000000;3222;"Kindergarten St. Andrä/Traisen";Postdienste;100,00
2026;Niederösterreich;Voranschlag;Gemeinde;31912;Herzogenburg;Finanzierungshaushalt;240;020;631;000;0000000;3222;"Kindergarten St. Andrä/Traisen";"Telefon, Telegraf, Telex";1400,00
2026;Niederösterreich;Voranschlag;Gemeinde;31912;Herzogenburg;Finanzierungshaushalt;240;020;640;000;0000000;3222;"Kindergarten St. Andrä/Traisen";"Sachverständigengebühren Umbau Kiga St. Andrä";0,00
2026;Niederösterreich;Voranschlag;Gemeinde;31912;Herzogenburg;Finanzierungshaushalt;240;020;650;000;0000000;3241;"Kindergarten St. Andrä/Traisen";"Zinsen für Finanzschulden in Euro";23000,00
2026;Niederösterreich;Voranschlag;Gemeinde;31912;Herzogenburg;Finanzierungshaushalt;240;020;670;000;0000000;3222;"Kindergarten St. Andrä/Traisen";Versicherungen;1900,00
2026;Niederösterreich;Voranschlag;Gemeinde;31912;Herzogenburg;Finanzierungshaushalt;240;020;700;000;0000000;3223;"Kindergarten St. Andrä/Traisen";"Leasinggebühr Kopierer";1000,00
2026;Niederösterreich;Voranschlag;Gemeinde;31912;Herzogenburg;Finanzierungshaushalt;240;020;711;000;0000000;3225;"Kindergarten St. Andrä/Traisen";"Öffentliche Abgaben";3400,00
2026;Niederösterreich;Voranschlag;Gemeinde;31912;Herzogenburg;Finanzierungshaushalt;240;020;720;000;0000000;3225;"Kindergarten St. Andrä/Traisen";"Kostenbeiträge (Kostenersätze) für Verwaltungsleistungen";3000,00
2026;Niederösterreich;Voranschlag;Gemeinde;31912;Herzogenburg;Finanzierungshaushalt;240;020;728;010;0000000;3225;"Kindergarten St. Andrä/Traisen";"Schulung der Bediensteten";200,00
2026;Niederösterreich;Voranschlag;Gemeinde;31912;Herzogenburg;Finanzierungshaushalt;240;020;728;060;0000000;3225;"Kindergarten St. Andrä/Traisen";"Fahrtkosten für auswärtige Kinder";10800,00
2026;Niederösterreich;Voranschlag;Gemeinde;31912;Herzogenburg;Finanzierungshaushalt;240;020;729;000;0000000;3225;"Kindergarten St. Andrä/Traisen";"Sonstige Ausgaben";0,00
2026;Niederösterreich;Voranschlag;Gemeinde;31912;Herzogenburg;Finanzierungshaushalt;240;020;810;000;0000000;3114;"Kindergarten St. Andrä/Traisen";Elternbeiträge;6700,00
2026;Niederösterreich;Voranschlag;Gemeinde;31912;Herzogenburg;Finanzierungshaushalt;240;020;810;010;0000000;3114;"Kindergarten St. Andrä/Traisen";Nachmittagsbetreuung-Kostenbeiträge;8500,00
2026;Niederösterreich;Voranschlag;Gemeinde;31912;Herzogenburg;Finanzierungshaushalt;240;020;810;020;0000000;3114;"Kindergarten St. Andrä/Traisen";"Essen für Tageskindergarten";0,00
2026;Niederösterreich;Voranschlag;Gemeinde;31912;Herzogenburg;Finanzierungshaushalt;240;020;816;010;0000000;3114;"Kindergarten St. Andrä/Traisen";"Fahrtkostenbeiträge der Eltern";1000,00
2026;Niederösterreich;Voranschlag;Gemeinde;31912;Herzogenburg;Finanzierungshaushalt;240;020;829;010;0000000;3116;"Kindergarten St. Andrä/Traisen";Schadenersatzleistungen;0,00
2026;Niederösterreich;Voranschlag;Gemeinde;31912;Herzogenburg;Finanzierungshaushalt;240;020;829;030;0000000;3116;"Kindergarten St. Andrä/Traisen";"Sonstige Erträge";0,00
2026;Niederösterreich;Voranschlag;Gemeinde;31912;Herzogenburg;Finanzierungshaushalt;240;020;860;000;0000000;3121;"Kindergarten St. Andrä/Traisen";"Transfers von Bund, Bundesfonds, Bundeskammern";0,00
2026;Niederösterreich;Voranschlag;Gemeinde;31912;Herzogenburg;Finanzierungshaushalt;240;020;861;000;0000000;3121;"Kindergarten St. Andrä/Traisen";"Transfers von Ländern, Landesfonds und Landeskammern";59700,00
2026;Niederösterreich;Voranschlag;Gemeinde;31912;Herzogenburg;Finanzierungshaushalt;240;020;861;200;0000000;3121;"Kindergarten St. Andrä/Traisen";"Transfers von Ländern, Landesfonds und Landeskammern";44700,00
2026;Niederösterreich;Voranschlag;Gemeinde;31912;Herzogenburg;Finanzierungshaushalt;240;020;888;000;0000000;3125;"Kindergarten St. Andrä/Traisen";"Transfers von der Europäischen Union";0,00
2026;Niederösterreich;Voranschlag;Gemeinde;31912;Herzogenburg;Finanzierungshaushalt;240;030;042;000;2000001;3415;"Kindergarten Rosengasse";"Anschaffung von Einrichtungsgegenständen";0,00
2026;Niederösterreich;Voranschlag;Gemeinde;31912;Herzogenburg;Finanzierungshaushalt;240;030;400;000;0000000;3221;"Kindergarten Rosengasse";"Geringwertige Wirtschaftsgüter (GWG)";1100,00
2026;Niederösterreich;Voranschlag;Gemeinde;31912;Herzogenburg;Finanzierungshaushalt;240;030;430;000;0000000;3221;"Kindergarten Rosengasse";"Essen für Tageskindergarten";0,00
2026;Niederösterreich;Voranschlag;Gemeinde;31912;Herzogenburg;Finanzierungshaushalt;240;030;454;000;0000000;3221;"Kindergarten Rosengasse";Reinigungsmittel;300,00
2026;Niederösterreich;Voranschlag;Gemeinde;31912;Herzogenburg;Finanzierungshaushalt;240;030;456;000;0000000;3221;"Kindergarten Rosengasse";Büromaterial;300,00
2026;Niederösterreich;Voranschlag;Gemeinde;31912;Herzogenburg;Finanzierungshaushalt;240;030;457;000;0000000;3221;"Kindergarten Rosengasse";"Gesetzblätter, Zeitschriften und Formulare";0,00
2026;Niederösterreich;Voranschlag;Gemeinde;31912;Herzogenburg;Finanzierungshaushalt;240;030;459;000;0000000;3221;"Kindergarten Rosengasse";"Sonstige Verbrauchsgüter";600,00
2026;Niederösterreich;Voranschlag;Gemeinde;31912;Herzogenburg;Finanzierungshaushalt;240;030;459;010;0000000;3221;"Kindergarten Rosengasse";Bastelwaren;0,00
2026;Niederösterreich;Voranschlag;Gemeinde;31912;Herzogenburg;Finanzierungshaushalt;240;030;459;010;0000000;3221;"Kindergarten Rosengasse";"Bastelwaren Gruppe 1";2000,00
2026;Niederösterreich;Voranschlag;Gemeinde;31912;Herzogenburg;Finanzierungshaushalt;240;030;459;010;0000000;3221;"Kindergarten Rosengasse";"Bastelwaren Gruppe 2";1800,00
2026;Niederösterreich;Voranschlag;Gemeinde;31912;Herzogenburg;Finanzierungshaushalt;240;030;511;000;0000000;3211;"Kindergarten Rosengasse";"Bezüge VB-Schema II";53500,00
2026;Niederösterreich;Voranschlag;Gemeinde;31912;Herzogenburg;Finanzierungshaushalt;240;030;523;000;0000000;3211;"Kindergarten Rosengasse";"Bezüge sonstiger Arbeiter";2000,00
2026;Niederösterreich;Voranschlag;Gemeinde;31912;Herzogenburg;Finanzierungshaushalt;240;030;541;000;0000000;3213;"Kindergarten Rosengasse";"Sachbezüge VB-Schema II";200,00
2026;Niederösterreich;Voranschlag;Gemeinde;31912;Herzogenburg;Finanzierungshaushalt;240;030;569;000;0000000;3211;"Kindergarten Rosengasse";Nebengebühren;900,00
2026;Niederösterreich;Voranschlag;Gemeinde;31912;Herzogenburg;Finanzierungshaushalt;240;030;580;000;0000000;3212;"Kindergarten Rosengasse";"Dienstgeberbeiträge zum Ausgleichsfonds für Familienbeihilfen";2000,00
2026;Niederösterreich;Voranschlag;Gemeinde;31912;Herzogenburg;Finanzierungshaushalt;240;030;582;000;0000000;3212;"Kindergarten Rosengasse";"Sonstige Dienstgeberbeiträge zur sozialen Sicherheit";11600,00
2026;Niederösterreich;Voranschlag;Gemeinde;31912;Herzogenburg;Finanzierungshaushalt;240;030;600;000;0000000;3222;"Kindergarten Rosengasse";Strom;3900,00
2026;Niederösterreich;Voranschlag;Gemeinde;31912;Herzogenburg;Finanzierungshaushalt;240;030;610;000;0000000;3224;"Kindergarten Rosengasse";"Instandhaltung von Grund und Boden";400,00
2026;Niederösterreich;Voranschlag;Gemeinde;31912;Herzogenburg;Finanzierungshaushalt;240;030;614;000;0000000;3224;"Kindergarten Rosengasse";"Instandhaltung von Gebäuden und Bauten";400,00
2026;Niederösterreich;Voranschlag;Gemeinde;31912;Herzogenburg;Finanzierungshaushalt;240;030;616;000;0000000;3224;"Kindergarten Rosengasse";"Instandhaltung von Maschinen und maschinellen Anlagen";300,00
2026;Niederösterreich;Voranschlag;Gemeinde;31912;Herzogenburg;Finanzierungshaushalt;240;030;618;000;0000000;3224;"Kindergarten Rosengasse";"Instandhaltung der Einrichtung";300,00
2026;Niederösterreich;Voranschlag;Gemeinde;31912;Herzogenburg;Finanzierungshaushalt;240;030;618;040;0000000;3224;"Kindergarten Rosengasse";"Service für EDV";200,00
2026;Niederösterreich;Voranschlag;Gemeinde;31912;Herzogenburg;Finanzierungshaushalt;240;030;630;000;0000000;3222;"Kindergarten Rosengasse";Porto;100,00
2026;Niederösterreich;Voranschlag;Gemeinde;31912;Herzogenburg;Finanzierungshaushalt;240;030;631;000;0000000;3222;"Kindergarten Rosengasse";"Telefon, Telegraf, Telex";800,00
2026;Niederösterreich;Voranschlag;Gemeinde;31912;Herzogenburg;Finanzierungshaushalt;240;030;670;000;0000000;3222;"Kindergarten Rosengasse";Versicherungen;2100,00
2026;Niederösterreich;Voranschlag;Gemeinde;31912;Herzogenburg;Finanzierungshaushalt;240;030;700;000;0000000;3223;"Kindergarten Rosengasse";"Leasinggebühr Kopierer";1100,00
2026;Niederösterreich;Voranschlag;Gemeinde;31912;Herzogenburg;Finanzierungshaushalt;240;030;711;000;0000000;3225;"Kindergarten Rosengasse";"Öffentliche Abgaben";2500,00
2026;Niederösterreich;Voranschlag;Gemeinde;31912;Herzogenburg;Finanzierungshaushalt;240;030;720;000;0000000;3225;"Kindergarten Rosengasse";"Kostenbeiträge (Kostenersätze) für Verwaltungsleistungen";2000,00
2026;Niederösterreich;Voranschlag;Gemeinde;31912;Herzogenburg;Finanzierungshaushalt;240;030;728;010;0000000;3225;"Kindergarten Rosengasse";"Schulung der Bediensteten";200,00
2026;Niederösterreich;Voranschlag;Gemeinde;31912;Herzogenburg;Finanzierungshaushalt;240;030;728;060;0000000;3225;"Kindergarten Rosengasse";"Fahrtkosten für auswärtige Kinder";4400,00
2026;Niederösterreich;Voranschlag;Gemeinde;31912;Herzogenburg;Finanzierungshaushalt;240;030;729;000;0000000;3225;"Kindergarten Rosengasse";"Sonstige Ausgaben";0,00
2026;Niederösterreich;Voranschlag;Gemeinde;31912;Herzogenburg;Finanzierungshaushalt;240;030;810;000;0000000;3114;"Kindergarten Rosengasse";Elternbeiträge;3800,00
2026;Niederösterreich;Voranschlag;Gemeinde;31912;Herzogenburg;Finanzierungshaushalt;240;030;810;010;0000000;3114;"Kindergarten Rosengasse";Nachmittagsbetreuung-Kostenbeiträge;3300,00
2026;Niederösterreich;Voranschlag;Gemeinde;31912;Herzogenburg;Finanzierungshaushalt;240;030;810;020;0000000;3114;"Kindergarten Rosengasse";"Essen für Tageskindergarten";0,00
2026;Niederösterreich;Voranschlag;Gemeinde;31912;Herzogenburg;Finanzierungshaushalt;240;030;816;010;0000000;3114;"Kindergarten Rosengasse";"Fahrtkostenbeiträge der Eltern";400,00
2026;Niederösterreich;Voranschlag;Gemeinde;31912;Herzogenburg;Finanzierungshaushalt;240;030;828;000;0000000;3116;"Kindergarten Rosengasse";"Rückersätze von Aufwendungen";0,00
2026;Niederösterreich;Voranschlag;Gemeinde;31912;Herzogenburg;Finanzierungshaushalt;240;030;861;000;0000000;3121;"Kindergarten Rosengasse";"Transfers von Ländern, Landesfonds und Landeskammern";34100,00
2026;Niederösterreich;Voranschlag;Gemeinde;31912;Herzogenburg;Finanzierungshaushalt;240;040;301;000;0000000;3331;"Kindergarten Rathausplatz";"Kapitaltransfers von Ländern, Landesfonds und Landeskammern";0,00
2026;Niederösterreich;Voranschlag;Gemeinde;31912;Herzogenburg;Finanzierungshaushalt;240;040;400;000;0000000;3221;"Kindergarten Rathausplatz";"Geringwertige Wirtschaftsgüter (GWG)";800,00
2026;Niederösterreich;Voranschlag;Gemeinde;31912;Herzogenburg;Finanzierungshaushalt;240;040;430;000;0000000;3221;"Kindergarten Rathausplatz";"Essen für Tageskindergarten";0,00
2026;Niederösterreich;Voranschlag;Gemeinde;31912;Herzogenburg;Finanzierungshaushalt;240;040;454;000;0000000;3221;"Kindergarten Rathausplatz";Reinigungsmittel;500,00
2026;Niederösterreich;Voranschlag;Gemeinde;31912;Herzogenburg;Finanzierungshaushalt;240;040;456;000;0000000;3221;"Kindergarten Rathausplatz";"Schreib-, Zeichen- und sonstige Büromittel";300,00
2026;Niederösterreich;Voranschlag;Gemeinde;31912;Herzogenburg;Finanzierungshaushalt;240;040;457;000;0000000;3221;"Kindergarten Rathausplatz";"Gesetzesblätter, Zeitschriften und Formulare";100,00
2026;Niederösterreich;Voranschlag;Gemeinde;31912;Herzogenburg;Finanzierungshaushalt;240;040;459;000;0000000;3221;"Kindergarten Rathausplatz";"Sonstige Verbrauchsgüter";500,00
2026;Niederösterreich;Voranschlag;Gemeinde;31912;Herzogenburg;Finanzierungshaushalt;240;040;459;010;0000000;3221;"Kindergarten Rathausplatz";"Bastelwaren Gruppe 1";1200,00
2026;Niederösterreich;Voranschlag;Gemeinde;31912;Herzogenburg;Finanzierungshaushalt;240;040;459;010;0000000;3221;"Kindergarten Rathausplatz";"Bastelwaren Gruppe 2";1200,00
2026;Niederösterreich;Voranschlag;Gemeinde;31912;Herzogenburg;Finanzierungshaushalt;240;040;511;000;0000000;3211;"Kindergarten Rathausplatz";"Bezüge VB-Schema II";50100,00
2026;Niederösterreich;Voranschlag;Gemeinde;31912;Herzogenburg;Finanzierungshaushalt;240;040;523;000;0000000;3211;"Kindergarten Rathausplatz";"Bezüge sonstiger Arbeiter";500,00
2026;Niederösterreich;Voranschlag;Gemeinde;31912;Herzogenburg;Finanzierungshaushalt;240;040;541;000;0000000;3213;"Kindergarten Rathausplatz";"Sachbezüge VB-Schema II";200,00
2026;Niederösterreich;Voranschlag;Gemeinde;31912;Herzogenburg;Finanzierungshaushalt;240;040;569;000;0000000;3211;"Kindergarten Rathausplatz";"Sonstige Nebengebühren";1800,00
2026;Niederösterreich;Voranschlag;Gemeinde;31912;Herzogenburg;Finanzierungshaushalt;240;040;580;000;0000000;3212;"Kindergarten Rathausplatz";"Dienstgeberbeiträge zum Ausgleichsfonds für Familienbeihilfen";1900,00
2026;Niederösterreich;Voranschlag;Gemeinde;31912;Herzogenburg;Finanzierungshaushalt;240;040;582;000;0000000;3212;"Kindergarten Rathausplatz";"Sonstige Dienstgeberbeiträge zur sozialen Sicherheit";11100,00
2026;Niederösterreich;Voranschlag;Gemeinde;31912;Herzogenburg;Finanzierungshaushalt;240;040;614;000;0000000;3224;"Kindergarten Rathausplatz";"Instandhaltung von Gebäuden und Bauten";0,00
2026;Niederösterreich;Voranschlag;Gemeinde;31912;Herzogenburg;Finanzierungshaushalt;240;040;618;000;0000000;3224;"Kindergarten Rathausplatz";"Instandhaltung der Einrichtung";0,00
2026;Niederösterreich;Voranschlag;Gemeinde;31912;Herzogenburg;Finanzierungshaushalt;240;040;618;010;0000000;3224;"Kindergarten Rathausplatz";"Instandhaltung von Spielgeräten";0,00
2026;Niederösterreich;Voranschlag;Gemeinde;31912;Herzogenburg;Finanzierungshaushalt;240;040;618;040;0000000;3224;"Kindergarten Rathausplatz";"Service für EDV";500,00
2026;Niederösterreich;Voranschlag;Gemeinde;31912;Herzogenburg;Finanzierungshaushalt;240;040;631;000;0000000;3222;"Kindergarten Rathausplatz";Telekommunikationsdienste;700,00
2026;Niederösterreich;Voranschlag;Gemeinde;31912;Herzogenburg;Finanzierungshaushalt;240;040;700;000;0000000;3223;"Kindergarten Rathausplatz";"Miete für Reither-Haus";7100,00
2026;Niederösterreich;Voranschlag;Gemeinde;31912;Herzogenburg;Finanzierungshaushalt;240;040;711;000;0000000;3225;"Kindergarten Rathausplatz";"Gebühren für die Benützung von Gemeindeeinrichtungen und -anlagen gemäß FAG";0,00
2026;Niederösterreich;Voranschlag;Gemeinde;31912;Herzogenburg;Finanzierungshaushalt;240;040;720;000;0000000;3225;"Kindergarten Rathausplatz";"Kostenbeiträge für Verwaltungsleistungen";500,00
2026;Niederösterreich;Voranschlag;Gemeinde;31912;Herzogenburg;Finanzierungshaushalt;240;040;724;000;0000000;3225;"Kindergarten Rathausplatz";Reisegebühren;0,00
2026;Niederösterreich;Voranschlag;Gemeinde;31912;Herzogenburg;Finanzierungshaushalt;240;040;728;010;0000000;3225;"Kindergarten Rathausplatz";"Schulung der Bediensteten";100,00
2026;Niederösterreich;Voranschlag;Gemeinde;31912;Herzogenburg;Finanzierungshaushalt;240;040;729;000;0000000;3225;"Kindergarten Rathausplatz";"Sonstige Aufwendungen";0,00
2026;Niederösterreich;Voranschlag;Gemeinde;31912;Herzogenburg;Finanzierungshaushalt;240;040;810;000;0000000;3114;"Kindergarten Rathausplatz";Elternbeiträge;2400,00
2026;Niederösterreich;Voranschlag;Gemeinde;31912;Herzogenburg;Finanzierungshaushalt;240;040;810;010;0000000;3114;"Kindergarten Rathausplatz";Nachmittagsbetreuung-Kostenbeiträge;3100,00
2026;Niederösterreich;Voranschlag;Gemeinde;31912;Herzogenburg;Finanzierungshaushalt;240;040;810;020;0000000;3114;"Kindergarten Rathausplatz";"Essen für Tageskindergarten";0,00
2026;Niederösterreich;Voranschlag;Gemeinde;31912;Herzogenburg;Finanzierungshaushalt;240;040;861;000;0000000;3121;"Kindergarten Rathausplatz";"Transfers von Ländern, Landesfonds und Landeskammern";21400,00
2026;Niederösterreich;Voranschlag;Gemeinde;31912;Herzogenburg;Finanzierungshaushalt;240;040;871;000;0000000;3121;"Kindergarten Rathausplatz";"Kapitaltransfers aus Gemeinde-Bedarfszuweisungsmitteln";0,00
2026;Niederösterreich;Voranschlag;Gemeinde;31912;Herzogenburg;Finanzierungshaushalt;259;000;400;000;0000000;3221;"Sonstige Einrichtungen und Maßnahmen";"Geringwertige Wirtschaftsgüter";1000,00
2026;Niederösterreich;Voranschlag;Gemeinde;31912;Herzogenburg;Finanzierungshaushalt;259;000;459;000;0000000;3221;"Sonstige Einrichtungen und Maßnahmen";"Sonstige Verbrauchsgüter";200,00
2026;Niederösterreich;Voranschlag;Gemeinde;31912;Herzogenburg;Finanzierungshaushalt;259;000;600;000;0000000;3222;"Sonstige Einrichtungen und Maßnahmen";Strom;5700,00
2026;Niederösterreich;Voranschlag;Gemeinde;31912;Herzogenburg;Finanzierungshaushalt;259;000;614;000;0000000;3224;"Sonstige Einrichtungen und Maßnahmen";"Instandhaltung von Gebäuden";1500,00
2026;Niederösterreich;Voranschlag;Gemeinde;31912;Herzogenburg;Finanzierungshaushalt;259;000;616;000;0000000;3224;"Sonstige Einrichtungen und Maßnahmen";"Instandhaltung von Maschinen und ma";200,00
2026;Niederösterreich;Voranschlag;Gemeinde;31912;Herzogenburg;Finanzierungshaushalt;259;000;618;040;0000000;3224;"Sonstige Einrichtungen und Maßnahmen";"Service für EDV";0,00
2026;Niederösterreich;Voranschlag;Gemeinde;31912;Herzogenburg;Finanzierungshaushalt;259;000;631;000;0000000;3222;"Sonstige Einrichtungen und Maßnahmen";"Telefon, Telegraf, Telex";800,00
2026;Niederösterreich;Voranschlag;Gemeinde;31912;Herzogenburg;Finanzierungshaushalt;259;000;670;000;0000000;3222;"Sonstige Einrichtungen und Maßnahmen";Versicherungen;600,00
2026;Niederösterreich;Voranschlag;Gemeinde;31912;Herzogenburg;Finanzierungshaushalt;259;000;711;000;0000000;3225;"Sonstige Einrichtungen und Maßnahmen";"Öffentliche Abgaben";1700,00
2026;Niederösterreich;Voranschlag;Gemeinde;31912;Herzogenburg;Finanzierungshaushalt;259;000;720;000;0000000;3225;"Sonstige Einrichtungen und Maßnahmen";"Kostenbeiträge für Verwaltungsleistungen";1500,00
2026;Niederösterreich;Voranschlag;Gemeinde;31912;Herzogenburg;Finanzierungshaushalt;259;000;728;000;0000000;3225;"Sonstige Einrichtungen und Maßnahmen";"Betreuung und Aktivitäten Jugendzen";83000,00
2026;Niederösterreich;Voranschlag;Gemeinde;31912;Herzogenburg;Finanzierungshaushalt;259;000;728;010;0000000;3225;"Sonstige Einrichtungen und Maßnahmen";"Entgelte für sonstige Leistungen";0,00
2026;Niederösterreich;Voranschlag;Gemeinde;31912;Herzogenburg;Finanzierungshaushalt;259;000;729;000;0000000;3225;"Sonstige Einrichtungen und Maßnahmen";"Sonstige Ausgaben";1200,00
2026;Niederösterreich;Voranschlag;Gemeinde;31912;Herzogenburg;Finanzierungshaushalt;259;000;757;100;0000000;3234;"Sonstige Einrichtungen und Maßnahmen";"Kindersommerspiele (NÖKISS)";8000,00
2026;Niederösterreich;Voranschlag;Gemeinde;31912;Herzogenburg;Finanzierungshaushalt;259;000;828;000;0000000;3116;"Sonstige Einrichtungen und Maßnahmen";"Rückersätze von Aufwendungen";0,00
2026;Niederösterreich;Voranschlag;Gemeinde;31912;Herzogenburg;Finanzierungshaushalt;259;000;829;030;0000000;3116;"Sonstige Einrichtungen und Maßnahmen";Schadenersatzleistungen;0,00
2026;Niederösterreich;Voranschlag;Gemeinde;31912;Herzogenburg;Finanzierungshaushalt;262;000;613;000;0000000;3224;Sportplätze;Instandhaltung;0,00
2026;Niederösterreich;Voranschlag;Gemeinde;31912;Herzogenburg;Finanzierungshaushalt;262;000;700;000;0000000;3223;Sportplätze;Pachtzinse;400,00
2026;Niederösterreich;Voranschlag;Gemeinde;31912;Herzogenburg;Finanzierungshaushalt;262;000;711;000;0000000;3225;Sportplätze;"Öffentliche Abgaben";5000,00
2026;Niederösterreich;Voranschlag;Gemeinde;31912;Herzogenburg;Finanzierungshaushalt;262;000;720;000;0000000;3225;Sportplätze;"Kostenbeiträge (Kostenersätze) für";4000,00
2026;Niederösterreich;Voranschlag;Gemeinde;31912;Herzogenburg;Finanzierungshaushalt;263;000;400;000;0000000;3221;"Turn- und Sporthallen";"Geringwertige Wirtschaftsgüter";100,00
2026;Niederösterreich;Voranschlag;Gemeinde;31912;Herzogenburg;Finanzierungshaushalt;263;000;454;000;0000000;3221;"Turn- und Sporthallen";Reinigungsmittel;200,00
2026;Niederösterreich;Voranschlag;Gemeinde;31912;Herzogenburg;Finanzierungshaushalt;263;000;459;000;0000000;3221;"Turn- und Sporthallen";"Sonstige Verbrauchsgüter";200,00
2026;Niederösterreich;Voranschlag;Gemeinde;31912;Herzogenburg;Finanzierungshaushalt;263;000;511;000;0000000;3211;"Turn- und Sporthallen";"Bezüge VB-Schema II";10600,00
2026;Niederösterreich;Voranschlag;Gemeinde;31912;Herzogenburg;Finanzierungshaushalt;263;000;569;000;0000000;3211;"Turn- und Sporthallen";Nebengebühren;200,00
2026;Niederösterreich;Voranschlag;Gemeinde;31912;Herzogenburg;Finanzierungshaushalt;263;000;580;000;0000000;3212;"Turn- und Sporthallen";"Dienstgeberbeitrag zum Ausgleichsfonds";400,00
2026;Niederösterreich;Voranschlag;Gemeinde;31912;Herzogenburg;Finanzierungshaushalt;263;000;582;000;0000000;3212;"Turn- und Sporthallen";"Sonstige DGB. zur sozialen Sicherheit";2300,00
2026;Niederösterreich;Voranschlag;Gemeinde;31912;Herzogenburg;Finanzierungshaushalt;263;000;600;000;0000000;3222;"Turn- und Sporthallen";Strom;1000,00
2026;Niederösterreich;Voranschlag;Gemeinde;31912;Herzogenburg;Finanzierungshaushalt;263;000;600;010;0000000;3222;"Turn- und Sporthallen";Beheizung;6600,00
2026;Niederösterreich;Voranschlag;Gemeinde;31912;Herzogenburg;Finanzierungshaushalt;263;000;614;000;0000000;3224;"Turn- und Sporthallen";"Instandhaltung von Gebäuden";900,00
2026;Niederösterreich;Voranschlag;Gemeinde;31912;Herzogenburg;Finanzierungshaushalt;263;000;616;000;0000000;3224;"Turn- und Sporthallen";"Instandhaltung von Maschinen und ma";0,00
2026;Niederösterreich;Voranschlag;Gemeinde;31912;Herzogenburg;Finanzierungshaushalt;263;000;618;000;0000000;3224;"Turn- und Sporthallen";"Instandhaltung der Turngeräte";200,00
2026;Niederösterreich;Voranschlag;Gemeinde;31912;Herzogenburg;Finanzierungshaushalt;263;000;670;000;0000000;3222;"Turn- und Sporthallen";Versicherungen;700,00
2026;Niederösterreich;Voranschlag;Gemeinde;31912;Herzogenburg;Finanzierungshaushalt;263;000;711;000;0000000;3225;"Turn- und Sporthallen";"Öffentliche Abgaben";1700,00
2026;Niederösterreich;Voranschlag;Gemeinde;31912;Herzogenburg;Finanzierungshaushalt;263;000;720;000;0000000;3225;"Turn- und Sporthallen";"Kostenbeiträge (Kostenersätze) für";0,00
2026;Niederösterreich;Voranschlag;Gemeinde;31912;Herzogenburg;Finanzierungshaushalt;263;000;811;000;0000000;3115;"Turn- und Sporthallen";"Benützungsgebühren VS-Turnhalle";4000,00
2026;Niederösterreich;Voranschlag;Gemeinde;31912;Herzogenburg;Finanzierungshaushalt;263;000;828;000;0000000;3116;"Turn- und Sporthallen";"Rückersätze von Aufwendungen";0,00
2026;Niederösterreich;Voranschlag;Gemeinde;31912;Herzogenburg;Finanzierungshaushalt;269;000;720;000;0000000;3225;"Sonstige Einrichtungen und Maßnahmen";"Kostenbeiträge für Verwaltungsleistungen";1700,00
2026;Niederösterreich;Voranschlag;Gemeinde;31912;Herzogenburg;Finanzierungshaushalt;269;000;728;000;0000000;3225;"Sonstige Einrichtungen und Maßnahmen";"Sportveranstaltungen der Gemeinde";300,00
2026;Niederösterreich;Voranschlag;Gemeinde;31912;Herzogenburg;Finanzierungshaushalt;269;000;757;000;0000000;3234;"Sonstige Einrichtungen und Maßnahmen";"Subventionen an Sportvereine";0,00
2026;Niederösterreich;Voranschlag;Gemeinde;31912;Herzogenburg;Finanzierungshaushalt;270;000;757;010;0000000;3234;Volkshochschulen;"Subvention an Volkshochschule";5000,00
2026;Niederösterreich;Voranschlag;Gemeinde;31912;Herzogenburg;Finanzierungshaushalt;273;000;400;000;0000000;3221;Volksbüchereien;"Geringwertige Wirtschaftsgüter";0,00
2026;Niederösterreich;Voranschlag;Gemeinde;31912;Herzogenburg;Finanzierungshaushalt;273;000;456;000;0000000;3221;Volksbüchereien;Büromaterial;200,00
2026;Niederösterreich;Voranschlag;Gemeinde;31912;Herzogenburg;Finanzierungshaushalt;273;000;457;000;0000000;3221;Volksbüchereien;"Ankauf von Büchern";5000,00
2026;Niederösterreich;Voranschlag;Gemeinde;31912;Herzogenburg;Finanzierungshaushalt;273;000;459;000;0000000;3221;Volksbüchereien;"Sonstige Verbrauchsgüter";0,00
2026;Niederösterreich;Voranschlag;Gemeinde;31912;Herzogenburg;Finanzierungshaushalt;273;000;523;000;0000000;3211;Volksbüchereien;"Entschädigung für Büchereibetreuung";11900,00
2026;Niederösterreich;Voranschlag;Gemeinde;31912;Herzogenburg;Finanzierungshaushalt;273;000;569;000;0000000;3211;Volksbüchereien;Nebengebühren;800,00
2026;Niederösterreich;Voranschlag;Gemeinde;31912;Herzogenburg;Finanzierungshaushalt;273;000;580;000;0000000;3212;Volksbüchereien;"Dienstgeberbeitrag zum Ausgleichsfonds";500,00
2026;Niederösterreich;Voranschlag;Gemeinde;31912;Herzogenburg;Finanzierungshaushalt;273;000;582;000;0000000;3212;Volksbüchereien;"Sonstige DGB. zur sozialen Sicherheit";2700,00
2026;Niederösterreich;Voranschlag;Gemeinde;31912;Herzogenburg;Finanzierungshaushalt;273;000;614;000;0000000;3224;Volksbüchereien;"Instandhaltung von Gebäuden und Bauten";0,00
2026;Niederösterreich;Voranschlag;Gemeinde;31912;Herzogenburg;Finanzierungshaushalt;273;000;618;040;0000000;3224;Volksbüchereien;"Service für EDV";800,00
2026;Niederösterreich;Voranschlag;Gemeinde;31912;Herzogenburg;Finanzierungshaushalt;273;000;720;000;0000000;3225;Volksbüchereien;"Kostenbeiträge für Verwaltungs";500,00
2026;Niederösterreich;Voranschlag;Gemeinde;31912;Herzogenburg;Finanzierungshaushalt;273;000;724;000;0000000;3225;Volksbüchereien;Reisegebühren;100,00
2026;Niederösterreich;Voranschlag;Gemeinde;31912;Herzogenburg;Finanzierungshaushalt;273;000;726;000;0000000;3225;Volksbüchereien;"Mitgliedsbeiträge an Institutionen";100,00
2026;Niederösterreich;Voranschlag;Gemeinde;31912;Herzogenburg;Finanzierungshaushalt;273;000;729;000;0000000;3225;Volksbüchereien;"Sonstige Ausgaben";2000,00
2026;Niederösterreich;Voranschlag;Gemeinde;31912;Herzogenburg;Finanzierungshaushalt;273;000;810;010;0000000;3114;Volksbüchereien;"Entlehnungsgebühren 10% USt. Bücher";5000,00
2026;Niederösterreich;Voranschlag;Gemeinde;31912;Herzogenburg;Finanzierungshaushalt;273;000;810;020;0000000;3114;Volksbüchereien;"Entlehnungsgebühren 20% USt. CD's,DVD's,Hörbücher";600,00
2026;Niederösterreich;Voranschlag;Gemeinde;31912;Herzogenburg;Finanzierungshaushalt;273;000;861;000;0000000;3121;Volksbüchereien;"Transfers von Ländern, Landesfonds und Landeskammern";2500,00
2026;Niederösterreich;Voranschlag;Gemeinde;31912;Herzogenburg;Finanzierungshaushalt;282;000;768;000;0000000;3234;Studienbeihilfen;"Fahrtkostenzuschuss für Studenten";0,00
2026;Niederösterreich;Voranschlag;Gemeinde;31912;Herzogenburg;Finanzierungshaushalt;320;000;042;090;2000001;3415;"Ausbildung in Musik und darstellender Kunst";"Ankauf von Musikinstrumenten";0,00
2026;Niederösterreich;Voranschlag;Gemeinde;31912;Herzogenburg;Finanzierungshaushalt;320;000;060;000;1211000;3412;"Ausbildung in Musik und darstellender Kunst";"Im Bau befindliche Grundstückseinrichtungen";0,00
2026;Niederösterreich;Voranschlag;Gemeinde;31912;Herzogenburg;Finanzierungshaushalt;320;000;346;000;1211000;3514;"Ausbildung in Musik und darstellender Kunst";"Investitionsdarlehen von Finanzunternehmen";0,00
2026;Niederösterreich;Voranschlag;Gemeinde;31912;Herzogenburg;Finanzierungshaushalt;320;000;400;000;0000000;3221;"Ausbildung in Musik und darstellender Kunst";"Geringwertige Wirtschaftsgüter (GWG)";100,00
2026;Niederösterreich;Voranschlag;Gemeinde;31912;Herzogenburg;Finanzierungshaushalt;320;000;400;010;0000000;3221;"Ausbildung in Musik und darstellender Kunst";"Ankauf Musikinstrumente";0,00
2026;Niederösterreich;Voranschlag;Gemeinde;31912;Herzogenburg;Finanzierungshaushalt;320;000;454;000;0000000;3221;"Ausbildung in Musik und darstellender Kunst";Reinigungsmittel;300,00
2026;Niederösterreich;Voranschlag;Gemeinde;31912;Herzogenburg;Finanzierungshaushalt;320;000;456;000;0000000;3221;"Ausbildung in Musik und darstellender Kunst";Büromaterial;500,00
2026;Niederösterreich;Voranschlag;Gemeinde;31912;Herzogenburg;Finanzierungshaushalt;320;000;457;000;0000000;3221;"Ausbildung in Musik und darstellender Kunst";"Gesetzblätter, Zeitschriften und Formulare";0,00
2026;Niederösterreich;Voranschlag;Gemeinde;31912;Herzogenburg;Finanzierungshaushalt;320;000;459;000;0000000;3221;"Ausbildung in Musik und darstellender Kunst";"Sonstige Verbrauchsgüter";1500,00
2026;Niederösterreich;Voranschlag;Gemeinde;31912;Herzogenburg;Finanzierungshaushalt;320;000;510;000;0000000;3211;"Ausbildung in Musik und darstellender Kunst";"Bezüge VB-Schema I";365600,00
2026;Niederösterreich;Voranschlag;Gemeinde;31912;Herzogenburg;Finanzierungshaushalt;320;000;511;000;0000000;3211;"Ausbildung in Musik und darstellender Kunst";"Bezüge VB-Schema II";7500,00
2026;Niederösterreich;Voranschlag;Gemeinde;31912;Herzogenburg;Finanzierungshaushalt;320;000;569;000;0000000;3211;"Ausbildung in Musik und darstellender Kunst";Nebengebühren;4200,00
2026;Niederösterreich;Voranschlag;Gemeinde;31912;Herzogenburg;Finanzierungshaushalt;320;000;580;000;0000000;3212;"Ausbildung in Musik und darstellender Kunst";"Dienstgeberbeiträge zum Ausgleichsfonds für Familienbeihilfen";14000,00
2026;Niederösterreich;Voranschlag;Gemeinde;31912;Herzogenburg;Finanzierungshaushalt;320;000;582;000;0000000;3212;"Ausbildung in Musik und darstellender Kunst";"Sonstige Dienstgeberbeiträge zur sozialen Sicherheit";80800,00
2026;Niederösterreich;Voranschlag;Gemeinde;31912;Herzogenburg;Finanzierungshaushalt;320;000;600;000;0000000;3222;"Ausbildung in Musik und darstellender Kunst";Strom;1300,00
2026;Niederösterreich;Voranschlag;Gemeinde;31912;Herzogenburg;Finanzierungshaushalt;320;000;600;010;0000000;3222;"Ausbildung in Musik und darstellender Kunst";Beheizung;8000,00
2026;Niederösterreich;Voranschlag;Gemeinde;31912;Herzogenburg;Finanzierungshaushalt;320;000;614;000;0000000;3224;"Ausbildung in Musik und darstellender Kunst";"Instandhaltung von Gebäuden und Bauten";0,00
2026;Niederösterreich;Voranschlag;Gemeinde;31912;Herzogenburg;Finanzierungshaushalt;320;000;618;090;0000000;3224;"Ausbildung in Musik und darstellender Kunst";"Instandhaltung der Musikinstrumente";5100,00
2026;Niederösterreich;Voranschlag;Gemeinde;31912;Herzogenburg;Finanzierungshaushalt;320;000;630;000;0000000;3222;"Ausbildung in Musik und darstellender Kunst";Porto;500,00
2026;Niederösterreich;Voranschlag;Gemeinde;31912;Herzogenburg;Finanzierungshaushalt;320;000;631;000;0000000;3222;"Ausbildung in Musik und darstellender Kunst";"Telefon, Telegraf, Telex";1100,00
2026;Niederösterreich;Voranschlag;Gemeinde;31912;Herzogenburg;Finanzierungshaushalt;320;000;670;000;0000000;3222;"Ausbildung in Musik und darstellender Kunst";Versicherungen;4100,00
2026;Niederösterreich;Voranschlag;Gemeinde;31912;Herzogenburg;Finanzierungshaushalt;320;000;700;000;0000000;3223;"Ausbildung in Musik und darstellender Kunst";"Leasinggebühr Kopierer";1400,00
2026;Niederösterreich;Voranschlag;Gemeinde;31912;Herzogenburg;Finanzierungshaushalt;320;000;720;000;0000000;3225;"Ausbildung in Musik und darstellender Kunst";"Kostenbeiträge (Kostenersätze) für Verwaltungsleistungen";400,00
2026;Niederösterreich;Voranschlag;Gemeinde;31912;Herzogenburg;Finanzierungshaushalt;320;000;729;000;0000000;3225;"Ausbildung in Musik und darstellender Kunst";"Sonstige Ausgaben";1400,00
2026;Niederösterreich;Voranschlag;Gemeinde;31912;Herzogenburg;Finanzierungshaushalt;320;000;810;000;0000000;3114;"Ausbildung in Musik und darstellender Kunst";Musikschulbeiträge;135000,00
2026;Niederösterreich;Voranschlag;Gemeinde;31912;Herzogenburg;Finanzierungshaushalt;320;000;816;000;0000000;3114;"Ausbildung in Musik und darstellender Kunst";"Beitrag des Landes";153000,00
2026;Niederösterreich;Voranschlag;Gemeinde;31912;Herzogenburg;Finanzierungshaushalt;322;000;670;000;0000000;3222;"Maßnahmen zur Förderung der Musikpflege";Versicherungen;0,00
2026;Niederösterreich;Voranschlag;Gemeinde;31912;Herzogenburg;Finanzierungshaushalt;322;000;700;000;0000000;3223;"Maßnahmen zur Förderung der Musikpflege";"Miete für Proberäume der Stadtkapelle";10000,00
2026;Niederösterreich;Voranschlag;Gemeinde;31912;Herzogenburg;Finanzierungshaushalt;322;000;757;000;0000000;3234;"Maßnahmen zur Förderung der Musikpflege";"Subvention an Blasmusikkapelle";0,00
2026;Niederösterreich;Voranschlag;Gemeinde;31912;Herzogenburg;Finanzierungshaushalt;322;000;811;000;0000000;3115;"Maßnahmen zur Förderung der Musikpflege";"Mieten- und Betriebskostenersätze";0,00
2026;Niederösterreich;Voranschlag;Gemeinde;31912;Herzogenburg;Finanzierungshaushalt;361;000;400;000;0000000;3221;"Nichtwissenschaftliche Archive";"Geringwertige Wirtschaftsgüter (GWG) - Gemeindearchiv";500,00
2026;Niederösterreich;Voranschlag;Gemeinde;31912;Herzogenburg;Finanzierungshaushalt;361;000;729;070;0000000;3225;"Nichtwissenschaftliche Archive";Gemeindearchiv;3000,00
2026;Niederösterreich;Voranschlag;Gemeinde;31912;Herzogenburg;Finanzierungshaushalt;361;010;456;000;0000000;3221;"Topothek Herzogenburg";Büromaterial;100,00
2026;Niederösterreich;Voranschlag;Gemeinde;31912;Herzogenburg;Finanzierungshaushalt;361;010;618;040;0000000;3224;"Topothek Herzogenburg";"Instandhaltung EDV";300,00
2026;Niederösterreich;Voranschlag;Gemeinde;31912;Herzogenburg;Finanzierungshaushalt;362;000;619;000;0000000;3224;Denkmalpflege;"Instandhaltung von Denkmälern";3000,00
2026;Niederösterreich;Voranschlag;Gemeinde;31912;Herzogenburg;Finanzierungshaushalt;362;000;711;000;0000000;3225;Denkmalpflege;"Öffentliche Abgaben";200,00
2026;Niederösterreich;Voranschlag;Gemeinde;31912;Herzogenburg;Finanzierungshaushalt;362;000;720;000;0000000;3225;Denkmalpflege;"Kostenbeiträge (Kostenersätze)";500,00
2026;Niederösterreich;Voranschlag;Gemeinde;31912;Herzogenburg;Finanzierungshaushalt;362;000;860;000;0000000;3121;Denkmalpflege;"Transfers von Bund, Bundesfonds und Bundeskammern";0,00
2026;Niederösterreich;Voranschlag;Gemeinde;31912;Herzogenburg;Finanzierungshaushalt;362;000;861;000;0000000;3121;Denkmalpflege;"Förderung Pflege- u. Instandh. Russ";1500,00
2026;Niederösterreich;Voranschlag;Gemeinde;31912;Herzogenburg;Finanzierungshaushalt;362;000;866;000;0000000;3123;Denkmalpflege;"Transfers von Finanzunternehmen - Sanierungskostenbeitrag Kleindenkmal ""Rotes Kreuz""";0,00
2026;Niederösterreich;Voranschlag;Gemeinde;31912;Herzogenburg;Finanzierungshaushalt;363;000;720;000;0000000;3225;"Altstadterhaltung und Ortsbildpflege";"Kostenbeiträge (Kostenersätze) für Verwaltungsleistungen";0,00
2026;Niederösterreich;Voranschlag;Gemeinde;31912;Herzogenburg;Finanzierungshaushalt;363;000;728;020;0000000;3225;"Altstadterhaltung und Ortsbildpflege";"Gestaltungsbeirat Innenstadt/Stadtkern";7200,00
2026;Niederösterreich;Voranschlag;Gemeinde;31912;Herzogenburg;Finanzierungshaushalt;363;000;861;000;0000000;3121;"Altstadterhaltung und Ortsbildpflege";"Förderung des Landes";0,00
2026;Niederösterreich;Voranschlag;Gemeinde;31912;Herzogenburg;Finanzierungshaushalt;369;000;728;010;0000000;3225;"Sonstige Einrichtungen und Maßnahmen";Jungbürgerfeiern;1500,00
2026;Niederösterreich;Voranschlag;Gemeinde;31912;Herzogenburg;Finanzierungshaushalt;380;000;400;000;0000000;3221;"Einrichtungen der Kulturpflege";"Geringwertige Wirtschaftsgüter";500,00
2026;Niederösterreich;Voranschlag;Gemeinde;31912;Herzogenburg;Finanzierungshaushalt;380;000;454;000;0000000;3221;"Einrichtungen der Kulturpflege";Reinigungsmittel;200,00
2026;Niederösterreich;Voranschlag;Gemeinde;31912;Herzogenburg;Finanzierungshaushalt;380;000;456;000;0000000;3221;"Einrichtungen der Kulturpflege";Büromaterial;2000,00
2026;Niederösterreich;Voranschlag;Gemeinde;31912;Herzogenburg;Finanzierungshaushalt;380;000;459;000;0000000;3221;"Einrichtungen der Kulturpflege";"Sonstige Verbrauchsgüter";300,00
2026;Niederösterreich;Voranschlag;Gemeinde;31912;Herzogenburg;Finanzierungshaushalt;380;000;510;000;0000000;3211;"Einrichtungen der Kulturpflege";"Bezüge VB-Schema I";50200,00
2026;Niederösterreich;Voranschlag;Gemeinde;31912;Herzogenburg;Finanzierungshaushalt;380;000;540;000;0000000;3213;"Einrichtungen der Kulturpflege";"Sachbezüge VB-Schema I";200,00
2026;Niederösterreich;Voranschlag;Gemeinde;31912;Herzogenburg;Finanzierungshaushalt;380;000;569;000;0000000;3211;"Einrichtungen der Kulturpflege";Nebengebühren;1900,00
2026;Niederösterreich;Voranschlag;Gemeinde;31912;Herzogenburg;Finanzierungshaushalt;380;000;580;000;0000000;3212;"Einrichtungen der Kulturpflege";"Dienstgeberbeitrag zum Ausgleichsfonds";1900,00
2026;Niederösterreich;Voranschlag;Gemeinde;31912;Herzogenburg;Finanzierungshaushalt;380;000;582;000;0000000;3212;"Einrichtungen der Kulturpflege";"Sonstige DGB. zur sozialen Sicherheit";11200,00
2026;Niederösterreich;Voranschlag;Gemeinde;31912;Herzogenburg;Finanzierungshaushalt;380;000;600;000;0000000;3222;"Einrichtungen der Kulturpflege";Strom;2000,00
2026;Niederösterreich;Voranschlag;Gemeinde;31912;Herzogenburg;Finanzierungshaushalt;380;000;600;010;0000000;3222;"Einrichtungen der Kulturpflege";Beheizung;7500,00
2026;Niederösterreich;Voranschlag;Gemeinde;31912;Herzogenburg;Finanzierungshaushalt;380;000;614;000;0000000;3224;"Einrichtungen der Kulturpflege";"Instandhaltung von Gebäuden";2000,00
2026;Niederösterreich;Voranschlag;Gemeinde;31912;Herzogenburg;Finanzierungshaushalt;380;000;618;040;0000000;3224;"Einrichtungen der Kulturpflege";"Service für EDV";700,00
2026;Niederösterreich;Voranschlag;Gemeinde;31912;Herzogenburg;Finanzierungshaushalt;380;000;630;000;0000000;3222;"Einrichtungen der Kulturpflege";Porto;0,00
2026;Niederösterreich;Voranschlag;Gemeinde;31912;Herzogenburg;Finanzierungshaushalt;380;000;631;000;0000000;3222;"Einrichtungen der Kulturpflege";"Telefon, Telegraf, Telex";1000,00
2026;Niederösterreich;Voranschlag;Gemeinde;31912;Herzogenburg;Finanzierungshaushalt;380;000;670;000;0000000;3222;"Einrichtungen der Kulturpflege";Versicherungen;3200,00
2026;Niederösterreich;Voranschlag;Gemeinde;31912;Herzogenburg;Finanzierungshaushalt;380;000;711;000;0000000;3225;"Einrichtungen der Kulturpflege";"Öffentliche Abgaben";2900,00
2026;Niederösterreich;Voranschlag;Gemeinde;31912;Herzogenburg;Finanzierungshaushalt;380;000;720;000;0000000;3225;"Einrichtungen der Kulturpflege";"Kostenbeiträge für Verwaltungsleistungen";4800,00
2026;Niederösterreich;Voranschlag;Gemeinde;31912;Herzogenburg;Finanzierungshaushalt;380;000;724;000;0000000;3225;"Einrichtungen der Kulturpflege";Reisegebühren;0,00
2026;Niederösterreich;Voranschlag;Gemeinde;31912;Herzogenburg;Finanzierungshaushalt;380;000;728;000;0000000;3225;"Einrichtungen der Kulturpflege";"Förderung kultureller Aktivitäten";70000,00
2026;Niederösterreich;Voranschlag;Gemeinde;31912;Herzogenburg;Finanzierungshaushalt;380;000;729;000;0000000;3225;"Einrichtungen der Kulturpflege";"Sonstige Ausgaben";300,00
2026;Niederösterreich;Voranschlag;Gemeinde;31912;Herzogenburg;Finanzierungshaushalt;380;000;811;000;0000000;3115;"Einrichtungen der Kulturpflege";"Mieten- und Betriebskostenersätze";12600,00
2026;Niederösterreich;Voranschlag;Gemeinde;31912;Herzogenburg;Finanzierungshaushalt;380;000;828;000;0000000;3116;"Einrichtungen der Kulturpflege";"Rückersätze von Aufwendungen";0,00
2026;Niederösterreich;Voranschlag;Gemeinde;31912;Herzogenburg;Finanzierungshaushalt;380;000;829;000;0000000;3116;"Einrichtungen der Kulturpflege";"Sonstige Erträge";0,00
2026;Niederösterreich;Voranschlag;Gemeinde;31912;Herzogenburg;Finanzierungshaushalt;381;000;456;000;0000000;3221;"Maßnahmen der Kulturpflege";Büromaterial;0,00
2026;Niederösterreich;Voranschlag;Gemeinde;31912;Herzogenburg;Finanzierungshaushalt;381;000;720;000;0000000;3225;"Maßnahmen der Kulturpflege";"Kostenbeiträge für Verwaltungsleistungen";4300,00
2026;Niederösterreich;Voranschlag;Gemeinde;31912;Herzogenburg;Finanzierungshaushalt;381;000;728;000;0000000;3225;"Maßnahmen der Kulturpflege";Kulturveranstaltungen;35000,00
2026;Niederösterreich;Voranschlag;Gemeinde;31912;Herzogenburg;Finanzierungshaushalt;381;000;728;010;0000000;3225;"Maßnahmen der Kulturpflege";"Entgelte für Online Kartenverkauf (Provision)";0,00
2026;Niederösterreich;Voranschlag;Gemeinde;31912;Herzogenburg;Finanzierungshaushalt;381;000;808;000;0000000;3116;"Maßnahmen der Kulturpflege";"Verkauf Heimatbücher und Häuserchro";100,00
2026;Niederösterreich;Voranschlag;Gemeinde;31912;Herzogenburg;Finanzierungshaushalt;381;000;810;000;0000000;3114;"Maßnahmen der Kulturpflege";"Erlöse aus kulturellen Veranstaltun";11000,00
2026;Niederösterreich;Voranschlag;Gemeinde;31912;Herzogenburg;Finanzierungshaushalt;381;000;861;000;0000000;3121;"Maßnahmen der Kulturpflege";"Transfers von Ländern, Landesfonds und Landeskammern";0,00
2026;Niederösterreich;Voranschlag;Gemeinde;31912;Herzogenburg;Finanzierungshaushalt;390;000;600;000;0000000;3222;"Kirchliche Angelegenheiten";Strom;1700,00
2026;Niederösterreich;Voranschlag;Gemeinde;31912;Herzogenburg;Finanzierungshaushalt;390;000;614;000;0000000;3224;"Kirchliche Angelegenheiten";"Instandh.v.Kirchen u. gdeig. Kapell";50000,00
2026;Niederösterreich;Voranschlag;Gemeinde;31912;Herzogenburg;Finanzierungshaushalt;390;000;670;000;0000000;3222;"Kirchliche Angelegenheiten";Versicherungen;900,00
2026;Niederösterreich;Voranschlag;Gemeinde;31912;Herzogenburg;Finanzierungshaushalt;390;000;720;000;0000000;3225;"Kirchliche Angelegenheiten";"Kostenbeiträge für Verwaltungsleistungen";500,00
2026;Niederösterreich;Voranschlag;Gemeinde;31912;Herzogenburg;Finanzierungshaushalt;390;000;729;000;0000000;3225;"Kirchliche Angelegenheiten";"Sonstige Ausgaben";100,00
2026;Niederösterreich;Voranschlag;Gemeinde;31912;Herzogenburg;Finanzierungshaushalt;390;000;757;000;0000000;3234;"Kirchliche Angelegenheiten";"Subvention a. Veranst. kirchlicher Feiern";0,00
2026;Niederösterreich;Voranschlag;Gemeinde;31912;Herzogenburg;Finanzierungshaushalt;400;000;452;000;0000000;3221;Sozialamt;Treibstoffe;0,00
2026;Niederösterreich;Voranschlag;Gemeinde;31912;Herzogenburg;Finanzierungshaushalt;400;000;456;000;0000000;3221;Sozialamt;Büromaterial;200,00
2026;Niederösterreich;Voranschlag;Gemeinde;31912;Herzogenburg;Finanzierungshaushalt;400;000;459;000;0000000;3221;Sozialamt;"Sonstige Verbrauchsgüter";100,00
2026;Niederösterreich;Voranschlag;Gemeinde;31912;Herzogenburg;Finanzierungshaushalt;400;000;510;000;0000000;3211;Sozialamt;"Bezüge VB-Schema I";47000,00
2026;Niederösterreich;Voranschlag;Gemeinde;31912;Herzogenburg;Finanzierungshaushalt;400;000;540;000;0000000;3213;Sozialamt;"Sachbezüge VB-Schema I";400,00
2026;Niederösterreich;Voranschlag;Gemeinde;31912;Herzogenburg;Finanzierungshaushalt;400;000;565;000;0000000;3211;Sozialamt;Mehrleistungsvergütungen;200,00
2026;Niederösterreich;Voranschlag;Gemeinde;31912;Herzogenburg;Finanzierungshaushalt;400;000;569;000;0000000;3211;Sozialamt;Nebengebühren;3800,00
2026;Niederösterreich;Voranschlag;Gemeinde;31912;Herzogenburg;Finanzierungshaushalt;400;000;580;000;0000000;3212;Sozialamt;"Dienstgeberbeitrag zum Ausgleichsfonds";1900,00
2026;Niederösterreich;Voranschlag;Gemeinde;31912;Herzogenburg;Finanzierungshaushalt;400;000;582;000;0000000;3212;Sozialamt;"Sonstige DGB. zur sozialen Sicherheit";10700,00
2026;Niederösterreich;Voranschlag;Gemeinde;31912;Herzogenburg;Finanzierungshaushalt;400;000;617;000;0000000;3224;Sozialamt;"Instandhaltung von Fahrzeugen";0,00
2026;Niederösterreich;Voranschlag;Gemeinde;31912;Herzogenburg;Finanzierungshaushalt;400;000;618;040;0000000;3224;Sozialamt;"Service für EDV";0,00
2026;Niederösterreich;Voranschlag;Gemeinde;31912;Herzogenburg;Finanzierungshaushalt;400;000;631;000;0000000;3222;Sozialamt;"Telefon, Telegraf, Telex";0,00
2026;Niederösterreich;Voranschlag;Gemeinde;31912;Herzogenburg;Finanzierungshaushalt;400;000;670;000;0000000;3222;Sozialamt;Versicherungen;3100,00
2026;Niederösterreich;Voranschlag;Gemeinde;31912;Herzogenburg;Finanzierungshaushalt;400;000;729;000;0000000;3225;Sozialamt;"Sonstige Ausgaben";0,00
2026;Niederösterreich;Voranschlag;Gemeinde;31912;Herzogenburg;Finanzierungshaushalt;400;000;816;000;0000000;3114;Sozialamt;"Kostenbeiträge für Verwaltungsleistungen";0,00
2026;Niederösterreich;Voranschlag;Gemeinde;31912;Herzogenburg;Finanzierungshaushalt;400;000;828;000;0000000;3116;Sozialamt;Transportkostenvergütungen;15500,00
2026;Niederösterreich;Voranschlag;Gemeinde;31912;Herzogenburg;Finanzierungshaushalt;412;000;757;070;0000000;3234;"Einrichtungen der Behindertenhilfe";"Beihilfen an Behinderte";0,00
2026;Niederösterreich;Voranschlag;Gemeinde;31912;Herzogenburg;Finanzierungshaushalt;419;000;751;020;0000000;3231;"Sonstige Einrichtungen und Maßnahmen";Wohnsitzgemeindebeitr.-Sozialhilfeg;130100,00
2026;Niederösterreich;Voranschlag;Gemeinde;31912;Herzogenburg;Finanzierungshaushalt;419;000;751;100;0000000;3231;"Sonstige Einrichtungen und Maßnahmen";Sozialhilfeumlage;2157000,00
2026;Niederösterreich;Voranschlag;Gemeinde;31912;Herzogenburg;Finanzierungshaushalt;419;000;861;000;0000000;3121;"Sonstige Einrichtungen und Maßnahmen";"Transfers von Ländern, Landesf";0,00
2026;Niederösterreich;Voranschlag;Gemeinde;31912;Herzogenburg;Finanzierungshaushalt;423;000;452;000;0000000;3221;"Essen auf Rädern";Treibstoffe;2200,00
2026;Niederösterreich;Voranschlag;Gemeinde;31912;Herzogenburg;Finanzierungshaushalt;423;000;452;000;0000000;3221;"Essen auf Rädern";"Treibstoffe Treibstoffe mit Vorsteuerabzug";0,00
2026;Niederösterreich;Voranschlag;Gemeinde;31912;Herzogenburg;Finanzierungshaushalt;423;000;456;000;0000000;3221;"Essen auf Rädern";"Schreib-, Zeichen- und sonstige Büromittel";100,00
2026;Niederösterreich;Voranschlag;Gemeinde;31912;Herzogenburg;Finanzierungshaushalt;423;000;511;000;0000000;3211;"Essen auf Rädern";"Bezüge VB-Schema II";90200,00
2026;Niederösterreich;Voranschlag;Gemeinde;31912;Herzogenburg;Finanzierungshaushalt;423;000;523;000;0000000;3211;"Essen auf Rädern";"Bezüge sonstiger Arbeiter";700,00
2026;Niederösterreich;Voranschlag;Gemeinde;31912;Herzogenburg;Finanzierungshaushalt;423;000;541;000;0000000;3213;"Essen auf Rädern";"Sachbezüge VB-Schema II";500,00
2026;Niederösterreich;Voranschlag;Gemeinde;31912;Herzogenburg;Finanzierungshaushalt;423;000;565;000;0000000;3211;"Essen auf Rädern";Mehrleistungsvergütungen;1000,00
2026;Niederösterreich;Voranschlag;Gemeinde;31912;Herzogenburg;Finanzierungshaushalt;423;000;569;000;0000000;3211;"Essen auf Rädern";Nebengebühren;6500,00
2026;Niederösterreich;Voranschlag;Gemeinde;31912;Herzogenburg;Finanzierungshaushalt;423;000;580;000;0000000;3212;"Essen auf Rädern";"Dienstgeberbeitrag zum Ausgleichsfonds";3600,00
2026;Niederösterreich;Voranschlag;Gemeinde;31912;Herzogenburg;Finanzierungshaushalt;423;000;582;000;0000000;3212;"Essen auf Rädern";"Sonstige DGB. zur sozialen Sicherheit";20800,00
2026;Niederösterreich;Voranschlag;Gemeinde;31912;Herzogenburg;Finanzierungshaushalt;423;000;617;000;0000000;3224;"Essen auf Rädern";"Instandhaltung von Fahrzeugen";2900,00
2026;Niederösterreich;Voranschlag;Gemeinde;31912;Herzogenburg;Finanzierungshaushalt;423;000;630;000;0000000;3222;"Essen auf Rädern";Porto;100,00
2026;Niederösterreich;Voranschlag;Gemeinde;31912;Herzogenburg;Finanzierungshaushalt;423;000;670;000;0000000;3222;"Essen auf Rädern";Versicherungen;2500,00
2026;Niederösterreich;Voranschlag;Gemeinde;31912;Herzogenburg;Finanzierungshaushalt;423;000;720;000;0000000;3225;"Essen auf Rädern";"Kostenbeiträge für Verwaltungsleistungen";0,00
2026;Niederösterreich;Voranschlag;Gemeinde;31912;Herzogenburg;Finanzierungshaushalt;423;000;728;090;0000000;3225;"Essen auf Rädern";"Kosten der Aktion";73000,00
2026;Niederösterreich;Voranschlag;Gemeinde;31912;Herzogenburg;Finanzierungshaushalt;423;000;729;000;0000000;3225;"Essen auf Rädern";"Sonstige Aufwendungen";0,00
2026;Niederösterreich;Voranschlag;Gemeinde;31912;Herzogenburg;Finanzierungshaushalt;423;000;861;000;0000000;3121;"Essen auf Rädern";"Rückvergütung vom Land Niederösterreich";14100,00
2026;Niederösterreich;Voranschlag;Gemeinde;31912;Herzogenburg;Finanzierungshaushalt;423;000;868;000;0000000;3124;"Essen auf Rädern";Kostenbeiträge;140000,00
2026;Niederösterreich;Voranschlag;Gemeinde;31912;Herzogenburg;Finanzierungshaushalt;429;000;400;000;0000000;3221;"Sonstige Einrichtungen und Maßnahmen";"Geringwertige Wirtschaftsgüter (GWG) - Community Nurse";0,00
2026;Niederösterreich;Voranschlag;Gemeinde;31912;Herzogenburg;Finanzierungshaushalt;429;000;456;000;0000000;3221;"Sonstige Einrichtungen und Maßnahmen";"Büromaterial - Community Nurse";0,00
2026;Niederösterreich;Voranschlag;Gemeinde;31912;Herzogenburg;Finanzierungshaushalt;429;000;728;000;0000000;3225;"Sonstige Einrichtungen und Maßnahmen";"Community Nurse";100600,00
2026;Niederösterreich;Voranschlag;Gemeinde;31912;Herzogenburg;Finanzierungshaushalt;429;000;768;020;0000000;3234;"Sonstige Einrichtungen und Maßnahmen";"Zuwendungen an Heimpfleglinge";0,00
2026;Niederösterreich;Voranschlag;Gemeinde;31912;Herzogenburg;Finanzierungshaushalt;429;000;768;050;0000000;3234;"Sonstige Einrichtungen und Maßnahmen";"Zuwendungen und Notaushilfen";35000,00
2026;Niederösterreich;Voranschlag;Gemeinde;31912;Herzogenburg;Finanzierungshaushalt;429;000;829;000;0000000;3116;"Sonstige Einrichtungen und Maßnahmen";"Sonstige Erträge";0,00
2026;Niederösterreich;Voranschlag;Gemeinde;31912;Herzogenburg;Finanzierungshaushalt;429;000;888;000;0000000;3125;"Sonstige Einrichtungen und Maßnahmen";"Förderung Community Nurse";100000,00
2026;Niederösterreich;Voranschlag;Gemeinde;31912;Herzogenburg;Finanzierungshaushalt;439;000;751;000;0000000;3231;"Sonstige Einrichtungen und Maßnahmen";Jugendwohlfahrtsumlage;396000,00
2026;Niederösterreich;Voranschlag;Gemeinde;31912;Herzogenburg;Finanzierungshaushalt;439;000;768;010;0000000;3234;"Sonstige Einrichtungen und Maßnahmen";"Förderung n.d. NÖ. Kinderbetr. Gesetz";50000,00
2026;Niederösterreich;Voranschlag;Gemeinde;31912;Herzogenburg;Finanzierungshaushalt;469;000;413;000;0000000;3221;"Sonstige Maßnahmen";Säuglingswäschepakete;1400,00
2026;Niederösterreich;Voranschlag;Gemeinde;31912;Herzogenburg;Finanzierungshaushalt;469;000;729;000;0000000;3225;"Sonstige Maßnahmen";"Sonstige Aufwendungen";0,00
2026;Niederösterreich;Voranschlag;Gemeinde;31912;Herzogenburg;Finanzierungshaushalt;480;000;768;070;0000000;3234;"Allgemeine Wohnbauförderung";"Beihilfen an Bauwerber";0,00
2026;Niederösterreich;Voranschlag;Gemeinde;31912;Herzogenburg;Finanzierungshaushalt;480;000;768;080;0000000;3234;"Allgemeine Wohnbauförderung";"Förderung für Energiesparmaßnahmen";1200,00
2026;Niederösterreich;Voranschlag;Gemeinde;31912;Herzogenburg;Finanzierungshaushalt;510;000;564;000;0000000;3211;"Medizinische Bereichsversorgung";"Totenbeschaugebühren (Besondere Geb";33600,00
2026;Niederösterreich;Voranschlag;Gemeinde;31912;Herzogenburg;Finanzierungshaushalt;510;000;724;000;0000000;3225;"Medizinische Bereichsversorgung";Weggeld;0,00
2026;Niederösterreich;Voranschlag;Gemeinde;31912;Herzogenburg;Finanzierungshaushalt;510;000;751;000;0000000;3231;"Medizinische Bereichsversorgung";"Beitrag an Pensionsverband";36000,00
2026;Niederösterreich;Voranschlag;Gemeinde;31912;Herzogenburg;Finanzierungshaushalt;510;000;768;000;0000000;3234;"Medizinische Bereichsversorgung";"Sonstige Transfers an private Haushalte";0,00
2026;Niederösterreich;Voranschlag;Gemeinde;31912;Herzogenburg;Finanzierungshaushalt;511;000;600;000;0000000;3222;Familienberatung;Strom;0,00
2026;Niederösterreich;Voranschlag;Gemeinde;31912;Herzogenburg;Finanzierungshaushalt;511;000;728;000;0000000;3225;Familienberatung;Mutterberatung;0,00
2026;Niederösterreich;Voranschlag;Gemeinde;31912;Herzogenburg;Finanzierungshaushalt;511;000;728;010;0000000;3225;Familienberatung;Schwangerschaftsgymnastik;0,00
2026;Niederösterreich;Voranschlag;Gemeinde;31912;Herzogenburg;Finanzierungshaushalt;511;000;816;000;0000000;3114;Familienberatung;Kostenersätze-Schwangerschaftsgymnastik;0,00
2026;Niederösterreich;Voranschlag;Gemeinde;31912;Herzogenburg;Finanzierungshaushalt;512;000;728;000;0000000;3225;"Sonstige medizinische Beratung und  Betreuung";Impfungen;200,00
2026;Niederösterreich;Voranschlag;Gemeinde;31912;Herzogenburg;Finanzierungshaushalt;516;000;728;000;0000000;3225;Schulgesundheitsdienst;Schüleruntersuchungen;4400,00
2026;Niederösterreich;Voranschlag;Gemeinde;31912;Herzogenburg;Finanzierungshaushalt;520;000;610;000;0000000;3224;"Natur- und Landschaftsschutz";"Instandhaltung der Windschutzgürtel";0,00
2026;Niederösterreich;Voranschlag;Gemeinde;31912;Herzogenburg;Finanzierungshaushalt;520;000;720;000;0000000;3225;"Natur- und Landschaftsschutz";"Kostenbeiträge für Verwaltungsleistungen";0,00
2026;Niederösterreich;Voranschlag;Gemeinde;31912;Herzogenburg;Finanzierungshaushalt;522;000;620;000;0000000;3222;"Reinhaltung der Luft";"Transporte durch die Bahn - Gebühr für Schnupperticket";0,00
2026;Niederösterreich;Voranschlag;Gemeinde;31912;Herzogenburg;Finanzierungshaushalt;522;000;720;000;0000000;3225;"Reinhaltung der Luft";"Kostenbeiträge für Verwaltungs";100,00
2026;Niederösterreich;Voranschlag;Gemeinde;31912;Herzogenburg;Finanzierungshaushalt;522;000;726;000;0000000;3225;"Reinhaltung der Luft";"Mitgliedsbeiträge KEM/KLAR";15500,00
2026;Niederösterreich;Voranschlag;Gemeinde;31912;Herzogenburg;Finanzierungshaushalt;522;000;729;000;0000000;3225;"Reinhaltung der Luft";"Sonstige Ausgaben";0,00
2026;Niederösterreich;Voranschlag;Gemeinde;31912;Herzogenburg;Finanzierungshaushalt;522;000;757;000;0000000;3234;"Reinhaltung der Luft";"Klimabündnis-Förderung und Aktivitä";4400,00
2026;Niederösterreich;Voranschlag;Gemeinde;31912;Herzogenburg;Finanzierungshaushalt;529;000;728;000;0000000;3225;"Sonstige Einrichtungen und Maßnahmen";"Schädlingsbekämpfung - Dienstleistung";0,00
2026;Niederösterreich;Voranschlag;Gemeinde;31912;Herzogenburg;Finanzierungshaushalt;562;000;752;020;0000000;3231;Sprengelbeiträge;"Sprengelbeitrag NÖKAS-Zweckaufwand";3063000,00
2026;Niederösterreich;Voranschlag;Gemeinde;31912;Herzogenburg;Finanzierungshaushalt;562;000;752;030;0000000;3231;Sprengelbeiträge;"Sprengelbeitrag NÖKAS-Verwaltungsau";0,00
2026;Niederösterreich;Voranschlag;Gemeinde;31912;Herzogenburg;Finanzierungshaushalt;562;000;861;000;0000000;3121;Sprengelbeiträge;"Transfers von Ländern, Landesfonds und Landeskammern";65200,00
2026;Niederösterreich;Voranschlag;Gemeinde;31912;Herzogenburg;Finanzierungshaushalt;612;000;002;000;1612000;3412;Gemeindestraßen;"Instandhaltung und Neuerrichtung von Straßen";0,00
2026;Niederösterreich;Voranschlag;Gemeinde;31912;Herzogenburg;Finanzierungshaushalt;612;000;002;000;1612000;3412;Gemeindestraßen;"Instandhaltung und Neuerrichtung von Straßen Allgemein";345000,00
2026;Niederösterreich;Voranschlag;Gemeinde;31912;Herzogenburg;Finanzierungshaushalt;612;000;002;000;1612000;3412;Gemeindestraßen;"Neugestaltung Rathausplatz";0,00
2026;Niederösterreich;Voranschlag;Gemeinde;31912;Herzogenburg;Finanzierungshaushalt;612;000;002;000;1612000;3412;Gemeindestraßen;"Instandhaltung und Neuerrichtung von Straßen Straßenbeleuchtung";30000,00
2026;Niederösterreich;Voranschlag;Gemeinde;31912;Herzogenburg;Finanzierungshaushalt;612;000;005;010;1612000;3412;Gemeindestraßen;"Neuerrichtung Ossarner Steg";1000000,00
2026;Niederösterreich;Voranschlag;Gemeinde;31912;Herzogenburg;Finanzierungshaushalt;612;000;300;000;1612000;3331;Gemeindestraßen;"Kapitaltransfers von Bund, Bundesfonds und Bundeskammern";579500,00
2026;Niederösterreich;Voranschlag;Gemeinde;31912;Herzogenburg;Finanzierungshaushalt;612;000;300;742;1612000;3331;Gemeindestraßen;"Kapitaltransfers von Bund, Bundesfonds und Bundeskammern";345500,00
2026;Niederösterreich;Voranschlag;Gemeinde;31912;Herzogenburg;Finanzierungshaushalt;612;000;346;000;0000000;3614;Gemeindestraßen;"Tilgung von Bankdarlehen";573700,00
2026;Niederösterreich;Voranschlag;Gemeinde;31912;Herzogenburg;Finanzierungshaushalt;612;000;413;000;0000000;3221;Gemeindestraßen;Hausnummerntafeln;600,00
2026;Niederösterreich;Voranschlag;Gemeinde;31912;Herzogenburg;Finanzierungshaushalt;612;000;452;000;0000000;3221;Gemeindestraßen;Treibstoffe;100,00
2026;Niederösterreich;Voranschlag;Gemeinde;31912;Herzogenburg;Finanzierungshaushalt;612;000;455;000;0000000;3221;Gemeindestraßen;"Winterdienst - Streumaterial";25000,00
2026;Niederösterreich;Voranschlag;Gemeinde;31912;Herzogenburg;Finanzierungshaushalt;612;000;611;000;0000000;3224;Gemeindestraßen;"Instandhaltung der Straßen";185000,00
2026;Niederösterreich;Voranschlag;Gemeinde;31912;Herzogenburg;Finanzierungshaushalt;612;000;611;010;0000000;3224;Gemeindestraßen;"Pflege der Bäume";70000,00
2026;Niederösterreich;Voranschlag;Gemeinde;31912;Herzogenburg;Finanzierungshaushalt;612;000;611;020;0000000;3224;Gemeindestraßen;"Instandhaltung von Straßenbauten - Beseitigung Unwetterschäden";0,00
2026;Niederösterreich;Voranschlag;Gemeinde;31912;Herzogenburg;Finanzierungshaushalt;612;000;612;000;0000000;3224;Gemeindestraßen;"Brücken über Wasserläufe";200000,00
2026;Niederösterreich;Voranschlag;Gemeinde;31912;Herzogenburg;Finanzierungshaushalt;612;000;617;000;0000000;3224;Gemeindestraßen;"Winterdienst - Instandhaltung Geräte";10000,00
2026;Niederösterreich;Voranschlag;Gemeinde;31912;Herzogenburg;Finanzierungshaushalt;612;000;650;000;0000000;3241;Gemeindestraßen;"Zinsen für Finanzschulden in Euro";68300,00
2026;Niederösterreich;Voranschlag;Gemeinde;31912;Herzogenburg;Finanzierungshaushalt;612;000;700;000;0000000;3223;Gemeindestraßen;Pachtzinse;9000,00
2026;Niederösterreich;Voranschlag;Gemeinde;31912;Herzogenburg;Finanzierungshaushalt;612;000;711;000;0000000;3225;Gemeindestraßen;"Öffentliche Abgaben";1000,00
2026;Niederösterreich;Voranschlag;Gemeinde;31912;Herzogenburg;Finanzierungshaushalt;612;000;720;000;0000000;3225;Gemeindestraßen;"Kostenbeiträge für Verwaltungsleistungen";120000,00
2026;Niederösterreich;Voranschlag;Gemeinde;31912;Herzogenburg;Finanzierungshaushalt;612;000;729;960;0000000;3225;Gemeindestraßen;"Übertrag Überschuss VRV97";0,00
2026;Niederösterreich;Voranschlag;Gemeinde;31912;Herzogenburg;Finanzierungshaushalt;612;000;808;000;0000000;3116;Gemeindestraßen;"Verkauf von Hausnummerntafeln";300,00
2026;Niederösterreich;Voranschlag;Gemeinde;31912;Herzogenburg;Finanzierungshaushalt;612;000;816;000;0000000;3114;Gemeindestraßen;"Winterdienst Kostenersatz Land NÖ";6300,00
2026;Niederösterreich;Voranschlag;Gemeinde;31912;Herzogenburg;Finanzierungshaushalt;612;000;816;010;0000000;3114;Gemeindestraßen;"Kostenbeiträge (Kostenersätze) für sonstige Leistungen";0,00
2026;Niederösterreich;Voranschlag;Gemeinde;31912;Herzogenburg;Finanzierungshaushalt;612;000;828;000;0000000;3116;Gemeindestraßen;"Kostenersätze für Aufwendungen";0,00
2026;Niederösterreich;Voranschlag;Gemeinde;31912;Herzogenburg;Finanzierungshaushalt;612;000;829;010;0000000;3116;Gemeindestraßen;"Sonstige Einnahmen";600,00
2026;Niederösterreich;Voranschlag;Gemeinde;31912;Herzogenburg;Finanzierungshaushalt;612;000;829;030;0000000;3116;Gemeindestraßen;Schadenersatzleistungen;0,00
2026;Niederösterreich;Voranschlag;Gemeinde;31912;Herzogenburg;Finanzierungshaushalt;612;000;829;960;1612000;3116;Gemeindestraßen;"Übertrag Überschuss VRV97";0,00
2026;Niederösterreich;Voranschlag;Gemeinde;31912;Herzogenburg;Finanzierungshaushalt;612;000;861;000;0000000;3121;Gemeindestraßen;"Transfers von Ländern, Landesfonds und Landeskammern";0,00
2026;Niederösterreich;Voranschlag;Gemeinde;31912;Herzogenburg;Finanzierungshaushalt;612;000;861;000;1612000;3121;Gemeindestraßen;"Transfers von Ländern, Landesfonds und Landeskammern";0,00
2026;Niederösterreich;Voranschlag;Gemeinde;31912;Herzogenburg;Finanzierungshaushalt;612;000;861;200;0000000;3121;Gemeindestraßen;"Zinsenzuschuss des Landes";0,00
2026;Niederösterreich;Voranschlag;Gemeinde;31912;Herzogenburg;Finanzierungshaushalt;612;000;864;000;0000000;3123;Gemeindestraßen;"Brückensanierung Beitrag ASFINAG";0,00
2026;Niederösterreich;Voranschlag;Gemeinde;31912;Herzogenburg;Finanzierungshaushalt;612;000;871;000;1612000;3121;Gemeindestraßen;Bedarfszuweisungen;450000,00
2026;Niederösterreich;Voranschlag;Gemeinde;31912;Herzogenburg;Finanzierungshaushalt;631;000;752;010;0000000;3231;Konkurrenzgewässer;"Beiträge a. Bärnd. Graben-Wasserverband";5000,00
2026;Niederösterreich;Voranschlag;Gemeinde;31912;Herzogenburg;Finanzierungshaushalt;631;000;752;100;0000000;3231;Konkurrenzgewässer;Traisenwasserverband-Mitgliedsbeitr;71000,00
2026;Niederösterreich;Voranschlag;Gemeinde;31912;Herzogenburg;Finanzierungshaushalt;632;000;728;000;0000000;3225;"Wasserverkehr und Schleusen";"Entgelte für sonstige Leistungen";0,00
2026;Niederösterreich;Voranschlag;Gemeinde;31912;Herzogenburg;Finanzierungshaushalt;639;000;300;000;1632000;3331;"Sonstige Einrichtungen und Maßnahmen";"Kapitaltransfers von Bund, Bundesfonds und Bundeskammern";0,00
2026;Niederösterreich;Voranschlag;Gemeinde;31912;Herzogenburg;Finanzierungshaushalt;639;000;301;000;1632000;3331;"Sonstige Einrichtungen und Maßnahmen";"Beihilfe des Landes NÖ";0,00
2026;Niederösterreich;Voranschlag;Gemeinde;31912;Herzogenburg;Finanzierungshaushalt;639;000;309;000;1632000;3335;"Sonstige Einrichtungen und Maßnahmen";"Kapitaltransfers von der Europäischen Union";0,00
2026;Niederösterreich;Voranschlag;Gemeinde;31912;Herzogenburg;Finanzierungshaushalt;639;000;612;000;0000000;3224;"Sonstige Einrichtungen und Maßnahmen";"Instandhaltung von Wasser- und Abwasserbauten und -anlagen";5000,00
2026;Niederösterreich;Voranschlag;Gemeinde;31912;Herzogenburg;Finanzierungshaushalt;640;000;050;000;2000001;3412;"Einrichtungen und Maßnahmen nach der Straßenverkehrsordnung";"Ankauf von Verkehrszeichen und -Spiegel";10000,00
2026;Niederösterreich;Voranschlag;Gemeinde;31912;Herzogenburg;Finanzierungshaushalt;640;000;400;010;0000000;3221;"Einrichtungen und Maßnahmen nach der Straßenverkehrsordnung";"Tafeln f. Vekerhsleitsystem";500,00
2026;Niederösterreich;Voranschlag;Gemeinde;31912;Herzogenburg;Finanzierungshaushalt;640;000;400;020;0000000;3221;"Einrichtungen und Maßnahmen nach der Straßenverkehrsordnung";"Ankauf von Verkehrszeichen";1000,00
2026;Niederösterreich;Voranschlag;Gemeinde;31912;Herzogenburg;Finanzierungshaushalt;640;000;611;000;0000000;3224;"Einrichtungen und Maßnahmen nach der Straßenverkehrsordnung";Bodenmarkierungen;35000,00
2026;Niederösterreich;Voranschlag;Gemeinde;31912;Herzogenburg;Finanzierungshaushalt;640;000;619;000;0000000;3224;"Einrichtungen und Maßnahmen nach der Straßenverkehrsordnung";"Instandhaltung der Straßenverkehrszeichen";500,00
2026;Niederösterreich;Voranschlag;Gemeinde;31912;Herzogenburg;Finanzierungshaushalt;640;000;630;000;0000000;3222;"Einrichtungen und Maßnahmen nach der Straßenverkehrsordnung";Portogebühren;0,00
2026;Niederösterreich;Voranschlag;Gemeinde;31912;Herzogenburg;Finanzierungshaushalt;640;000;631;000;0000000;3222;"Einrichtungen und Maßnahmen nach der Straßenverkehrsordnung";"Telefon, Telegraf, Telex";500,00
2026;Niederösterreich;Voranschlag;Gemeinde;31912;Herzogenburg;Finanzierungshaushalt;640;000;720;000;0000000;3225;"Einrichtungen und Maßnahmen nach der Straßenverkehrsordnung";"Kostenbeiträge für Verwaltungsleistungen";5000,00
2026;Niederösterreich;Voranschlag;Gemeinde;31912;Herzogenburg;Finanzierungshaushalt;640;000;728;020;0000000;3225;"Einrichtungen und Maßnahmen nach der Straßenverkehrsordnung";"Leistungsentgelte an Firmen";22000,00
2026;Niederösterreich;Voranschlag;Gemeinde;31912;Herzogenburg;Finanzierungshaushalt;640;000;729;000;0000000;3225;"Einrichtungen und Maßnahmen nach der Straßenverkehrsordnung";"Sonstige Ausgaben";500,00
2026;Niederösterreich;Voranschlag;Gemeinde;31912;Herzogenburg;Finanzierungshaushalt;640;000;810;000;0000000;3114;"Einrichtungen und Maßnahmen nach der Straßenverkehrsordnung";"Erträge Verkehrsleitsystem";0,00
2026;Niederösterreich;Voranschlag;Gemeinde;31912;Herzogenburg;Finanzierungshaushalt;640;000;816;000;0000000;3114;"Einrichtungen und Maßnahmen nach der Straßenverkehrsordnung";"Kostenbeiträge (Kostenersätze) für Verwaltungsleistungen";0,00
2026;Niederösterreich;Voranschlag;Gemeinde;31912;Herzogenburg;Finanzierungshaushalt;640;000;829;000;0000000;3116;"Einrichtungen und Maßnahmen nach der Straßenverkehrsordnung";"Sonstige Erträge";0,00
2026;Niederösterreich;Voranschlag;Gemeinde;31912;Herzogenburg;Finanzierungshaushalt;640;000;829;010;0000000;3116;"Einrichtungen und Maßnahmen nach der Straßenverkehrsordnung";"Sonstige Einnahmen - Verkehrsleitsy";4000,00
2026;Niederösterreich;Voranschlag;Gemeinde;31912;Herzogenburg;Finanzierungshaushalt;640;000;829;030;0000000;3116;"Einrichtungen und Maßnahmen nach der Straßenverkehrsordnung";Schadenersatzleistungen;0,00
2026;Niederösterreich;Voranschlag;Gemeinde;31912;Herzogenburg;Finanzierungshaushalt;640;000;868;060;0000000;3124;"Einrichtungen und Maßnahmen nach der Straßenverkehrsordnung";Gemeindestraßenstrafen;100000,00
2026;Niederösterreich;Voranschlag;Gemeinde;31912;Herzogenburg;Finanzierungshaushalt;710;000;301;000;0000000;3331;"Land- und fortwirtschaftlicher Wegebau";"Kapitaltransfers von Ländern, Landesfonds und Landeskammern";0,00
2026;Niederösterreich;Voranschlag;Gemeinde;31912;Herzogenburg;Finanzierungshaushalt;710;000;611;000;0000000;3224;"Land- und fortwirtschaftlicher Wegebau";"Instandhaltung v. sonst. Straßen und Feldwegen";80000,00
2026;Niederösterreich;Voranschlag;Gemeinde;31912;Herzogenburg;Finanzierungshaushalt;710;000;611;010;0000000;3224;"Land- und fortwirtschaftlicher Wegebau";"Beseitigung von Unwetterschäden";0,00
2026;Niederösterreich;Voranschlag;Gemeinde;31912;Herzogenburg;Finanzierungshaushalt;710;000;720;000;0000000;3225;"Land- und fortwirtschaftlicher Wegebau";"Kostenbeiträge für Verwaltungsleistungen";3000,00
2026;Niederösterreich;Voranschlag;Gemeinde;31912;Herzogenburg;Finanzierungshaushalt;710;000;829;000;0000000;3116;"Land- und fortwirtschaftlicher Wegebau";"Sonstige Erträge";0,00
2026;Niederösterreich;Voranschlag;Gemeinde;31912;Herzogenburg;Finanzierungshaushalt;710;000;871;000;0000000;3121;"Land- und fortwirtschaftlicher Wegebau";Bedarfszuweisungen;5000,00
2026;Niederösterreich;Voranschlag;Gemeinde;31912;Herzogenburg;Finanzierungshaushalt;742;000;711;000;0000000;3225;Produktionsförderung;"Öffentliche Abgaben";1700,00
2026;Niederösterreich;Voranschlag;Gemeinde;31912;Herzogenburg;Finanzierungshaushalt;742;000;728;000;0000000;3225;Produktionsförderung;"Beiträge für künstliche Befruchtung";2000,00
2026;Niederösterreich;Voranschlag;Gemeinde;31912;Herzogenburg;Finanzierungshaushalt;742;000;729;000;0000000;3225;Produktionsförderung;"Sonstige Ausgaben";1300,00
2026;Niederösterreich;Voranschlag;Gemeinde;31912;Herzogenburg;Finanzierungshaushalt;759;000;754;000;0000000;3231;"Sonstige Energieträger";"Beitrag FF-Ossarn - Windräder";3000,00
2026;Niederösterreich;Voranschlag;Gemeinde;31912;Herzogenburg;Finanzierungshaushalt;759;000;829;010;0000000;3116;"Sonstige Energieträger";"Windkraft Pottenbrunn Sponsoring";8000,00
2026;Niederösterreich;Voranschlag;Gemeinde;31912;Herzogenburg;Finanzierungshaushalt;771;000;600;000;0000000;3222;"Maßnahmen zur Förderung des Fremden verkehrs";Kirchturmanstrahlung;500,00
2026;Niederösterreich;Voranschlag;Gemeinde;31912;Herzogenburg;Finanzierungshaushalt;771;000;720;000;0000000;3225;"Maßnahmen zur Förderung des Fremden verkehrs";"Kostenbeiträge für Verwaltungsleistungen";500,00
2026;Niederösterreich;Voranschlag;Gemeinde;31912;Herzogenburg;Finanzierungshaushalt;771;000;726;030;0000000;3225;"Maßnahmen zur Förderung des Fremden verkehrs";"Mitgliedsbeiträge f.Fremdenverkehrs";29000,00
2026;Niederösterreich;Voranschlag;Gemeinde;31912;Herzogenburg;Finanzierungshaushalt;771;000;728;000;0000000;3225;"Maßnahmen zur Förderung des Fremden verkehrs";"Inserate und dergleichen";2900,00
2026;Niederösterreich;Voranschlag;Gemeinde;31912;Herzogenburg;Finanzierungshaushalt;771;000;729;000;0000000;3225;"Maßnahmen zur Förderung des Fremden verkehrs";"Sonstige Ausgaben-Blumenschmuc";4000,00
2026;Niederösterreich;Voranschlag;Gemeinde;31912;Herzogenburg;Finanzierungshaushalt;771;000;729;010;0000000;3225;"Maßnahmen zur Förderung des Fremden verkehrs";"Sonstige Aufwendungen - Infozelle Traisensteg";0,00
2026;Niederösterreich;Voranschlag;Gemeinde;31912;Herzogenburg;Finanzierungshaushalt;789;000;720;000;0000000;3225;"Sonstige Einrichtungen und Maßnahmen";"Kostenbeiträge für Verwaltungsleistungen";6000,00
2026;Niederösterreich;Voranschlag;Gemeinde;31912;Herzogenburg;Finanzierungshaushalt;789;000;728;000;0000000;3225;"Sonstige Einrichtungen und Maßnahmen";"Kostenanteil für Marketingaktivitäten";0,00
2026;Niederösterreich;Voranschlag;Gemeinde;31912;Herzogenburg;Finanzierungshaushalt;789;000;728;010;0000000;3225;"Sonstige Einrichtungen und Maßnahmen";"Wirtschafts - Servicestelle";8000,00
2026;Niederösterreich;Voranschlag;Gemeinde;31912;Herzogenburg;Finanzierungshaushalt;789;000;728;020;0000000;3225;"Sonstige Einrichtungen und Maßnahmen";"Postbus Shuttleservice";193500,00
2026;Niederösterreich;Voranschlag;Gemeinde;31912;Herzogenburg;Finanzierungshaushalt;789;000;729;000;0000000;3225;"Sonstige Einrichtungen und Maßnahmen";"Sonstige Ausgaben";500,00
2026;Niederösterreich;Voranschlag;Gemeinde;31912;Herzogenburg;Finanzierungshaushalt;789;000;729;010;0000000;3225;"Sonstige Einrichtungen und Maßnahmen";Weihnachtsbeleuchtung;15000,00
2026;Niederösterreich;Voranschlag;Gemeinde;31912;Herzogenburg;Finanzierungshaushalt;789;000;729;020;0000000;3225;"Sonstige Einrichtungen und Maßnahmen";"Gestaltung von Autobushalteplätzen";500,00
2026;Niederösterreich;Voranschlag;Gemeinde;31912;Herzogenburg;Finanzierungshaushalt;789;000;756;000;0000000;3233;"Sonstige Einrichtungen und Maßnahmen";"Beiträge an Betriebe";3000,00
2026;Niederösterreich;Voranschlag;Gemeinde;31912;Herzogenburg;Finanzierungshaushalt;789;000;828;040;0000000;3116;"Sonstige Einrichtungen und Maßnahmen";"Rückersätze der Weihnachtsbeleuchtung";0,00
2026;Niederösterreich;Voranschlag;Gemeinde;31912;Herzogenburg;Finanzierungshaushalt;789;000;829;000;0000000;3116;"Sonstige Einrichtungen und Maßnahmen";"Sonstige Erträge";0,00
2026;Niederösterreich;Voranschlag;Gemeinde;31912;Herzogenburg;Finanzierungshaushalt;812;000;400;000;0000000;3221;"WC Anlagen";"Geringwertige Wirtschaftsgüter";100,00
2026;Niederösterreich;Voranschlag;Gemeinde;31912;Herzogenburg;Finanzierungshaushalt;812;000;454;000;0000000;3221;"WC Anlagen";Reinigungsmittel;400,00
2026;Niederösterreich;Voranschlag;Gemeinde;31912;Herzogenburg;Finanzierungshaushalt;812;000;459;000;0000000;3221;"WC Anlagen";"Sonstige Verbrauchsgüter";1400,00
2026;Niederösterreich;Voranschlag;Gemeinde;31912;Herzogenburg;Finanzierungshaushalt;812;000;511;000;0000000;3211;"WC Anlagen";"Bezüge VB-Schema II";7300,00
2026;Niederösterreich;Voranschlag;Gemeinde;31912;Herzogenburg;Finanzierungshaushalt;812;000;541;000;0000000;3213;"WC Anlagen";"Sachbezüge VB-Schema II";100,00
2026;Niederösterreich;Voranschlag;Gemeinde;31912;Herzogenburg;Finanzierungshaushalt;812;000;565;000;0000000;3211;"WC Anlagen";Mehrleistungsvergütungen;100,00
2026;Niederösterreich;Voranschlag;Gemeinde;31912;Herzogenburg;Finanzierungshaushalt;812;000;569;000;0000000;3211;"WC Anlagen";Nebengebühren;100,00
2026;Niederösterreich;Voranschlag;Gemeinde;31912;Herzogenburg;Finanzierungshaushalt;812;000;580;000;0000000;3212;"WC Anlagen";"Dienstgeberbeitrag zum Ausgleichsfonds";300,00
2026;Niederösterreich;Voranschlag;Gemeinde;31912;Herzogenburg;Finanzierungshaushalt;812;000;582;000;0000000;3212;"WC Anlagen";"Sonstige DGB. zur sozialen Sicherheit";1600,00
2026;Niederösterreich;Voranschlag;Gemeinde;31912;Herzogenburg;Finanzierungshaushalt;812;000;600;000;0000000;3222;"WC Anlagen";Strom;100,00
2026;Niederösterreich;Voranschlag;Gemeinde;31912;Herzogenburg;Finanzierungshaushalt;812;000;614;000;0000000;3224;"WC Anlagen";"Instandhaltung der WC-Anlage";500,00
2026;Niederösterreich;Voranschlag;Gemeinde;31912;Herzogenburg;Finanzierungshaushalt;814;000;040;000;2000001;3414;Straßenreinigung;"Ankauf Kehrmaschine";60000,00
2026;Niederösterreich;Voranschlag;Gemeinde;31912;Herzogenburg;Finanzierungshaushalt;814;000;040;100;2000001;3414;Straßenreinigung;Fahrzeugausstattung;0,00
2026;Niederösterreich;Voranschlag;Gemeinde;31912;Herzogenburg;Finanzierungshaushalt;814;000;400;000;0000000;3221;Straßenreinigung;"Geringwertige Wirtschaftsgüter";200,00
2026;Niederösterreich;Voranschlag;Gemeinde;31912;Herzogenburg;Finanzierungshaushalt;814;000;452;000;0000000;3221;Straßenreinigung;Treibstoffe;14000,00
2026;Niederösterreich;Voranschlag;Gemeinde;31912;Herzogenburg;Finanzierungshaushalt;814;000;459;000;0000000;3221;Straßenreinigung;"Sonstige Verbrauchsgüter";0,00
2026;Niederösterreich;Voranschlag;Gemeinde;31912;Herzogenburg;Finanzierungshaushalt;814;000;511;000;0000000;3211;Straßenreinigung;"Bezüge VB-Schema II";40000,00
2026;Niederösterreich;Voranschlag;Gemeinde;31912;Herzogenburg;Finanzierungshaushalt;814;000;541;000;0000000;3213;Straßenreinigung;"Sachbezüge VB-Schema II";300,00
2026;Niederösterreich;Voranschlag;Gemeinde;31912;Herzogenburg;Finanzierungshaushalt;814;000;565;000;0000000;3211;Straßenreinigung;Mehrleistungsvergütungen;500,00
2026;Niederösterreich;Voranschlag;Gemeinde;31912;Herzogenburg;Finanzierungshaushalt;814;000;569;000;0000000;3211;Straßenreinigung;Nebengebühren;9200,00
2026;Niederösterreich;Voranschlag;Gemeinde;31912;Herzogenburg;Finanzierungshaushalt;814;000;580;000;0000000;3212;Straßenreinigung;"Dienstgeberbeitrag zum Ausgleichsfonds";1800,00
2026;Niederösterreich;Voranschlag;Gemeinde;31912;Herzogenburg;Finanzierungshaushalt;814;000;582;000;0000000;3212;Straßenreinigung;"Sonstige DGB. zur sozialen Sicherheit";10600,00
2026;Niederösterreich;Voranschlag;Gemeinde;31912;Herzogenburg;Finanzierungshaushalt;814;000;617;000;0000000;3224;Straßenreinigung;"Instandhaltung von Fahrzeugen";5000,00
2026;Niederösterreich;Voranschlag;Gemeinde;31912;Herzogenburg;Finanzierungshaushalt;814;000;631;000;0000000;3222;Straßenreinigung;"Telefon, Telegraf, Telex";100,00
2026;Niederösterreich;Voranschlag;Gemeinde;31912;Herzogenburg;Finanzierungshaushalt;814;000;670;000;0000000;3222;Straßenreinigung;Versicherungen;8000,00
2026;Niederösterreich;Voranschlag;Gemeinde;31912;Herzogenburg;Finanzierungshaushalt;814;000;720;000;0000000;3225;Straßenreinigung;"Kostenbeiträge für Verwaltungs";0,00
2026;Niederösterreich;Voranschlag;Gemeinde;31912;Herzogenburg;Finanzierungshaushalt;814;000;729;000;0000000;3225;Straßenreinigung;"Sonstige Ausgaben";0,00
2026;Niederösterreich;Voranschlag;Gemeinde;31912;Herzogenburg;Finanzierungshaushalt;814;000;803;000;0000000;3314;Straßenreinigung;"Veräußerungen von technischen Anlagen, Fahrzeugen und Maschinen";0,00
2026;Niederösterreich;Voranschlag;Gemeinde;31912;Herzogenburg;Finanzierungshaushalt;814;000;816;000;0000000;3114;Straßenreinigung;"Kostenbeiträge für Straßenreinigung";10000,00
2026;Niederösterreich;Voranschlag;Gemeinde;31912;Herzogenburg;Finanzierungshaushalt;814;000;816;010;0000000;3114;Straßenreinigung;"Kostenersätze für Verwaltungsleistungen";100000,00
2026;Niederösterreich;Voranschlag;Gemeinde;31912;Herzogenburg;Finanzierungshaushalt;815;000;020;000;2000001;3414;"Park- und Gartenanlagen, Kinderspielplätze";"Rasenmäher und andere Geräte";1300,00
2026;Niederösterreich;Voranschlag;Gemeinde;31912;Herzogenburg;Finanzierungshaushalt;815;000;042;010;2000001;3415;"Park- und Gartenanlagen, Kinderspielplätze";"Sonstige Einrichtungen Bänke und Geräte";1000,00
2026;Niederösterreich;Voranschlag;Gemeinde;31912;Herzogenburg;Finanzierungshaushalt;815;000;400;000;0000000;3221;"Park- und Gartenanlagen, Kinderspielplätze";"Geringwertige Wirtschaftsgüter";2000,00
2026;Niederösterreich;Voranschlag;Gemeinde;31912;Herzogenburg;Finanzierungshaushalt;815;000;452;000;0000000;3221;"Park- und Gartenanlagen, Kinderspielplätze";Treibstoffe;12000,00
2026;Niederösterreich;Voranschlag;Gemeinde;31912;Herzogenburg;Finanzierungshaushalt;815;000;453;000;0000000;3221;"Park- und Gartenanlagen, Kinderspielplätze";"Schmier- und Schleifmittel";200,00
2026;Niederösterreich;Voranschlag;Gemeinde;31912;Herzogenburg;Finanzierungshaushalt;815;000;455;000;0000000;3221;"Park- und Gartenanlagen, Kinderspielplätze";"Ankauf von Dünger und Spritzmittel";0,00
2026;Niederösterreich;Voranschlag;Gemeinde;31912;Herzogenburg;Finanzierungshaushalt;815;000;459;000;0000000;3221;"Park- und Gartenanlagen, Kinderspielplätze";"Sonstige Verbrauchsgüter";200,00
2026;Niederösterreich;Voranschlag;Gemeinde;31912;Herzogenburg;Finanzierungshaushalt;815;000;511;000;0000000;3211;"Park- und Gartenanlagen, Kinderspielplätze";"Bezüge VB-Schema II";181900,00
2026;Niederösterreich;Voranschlag;Gemeinde;31912;Herzogenburg;Finanzierungshaushalt;815;000;541;000;0000000;3213;"Park- und Gartenanlagen, Kinderspielplätze";"Sachbezüge VB-Schema II";2100,00
2026;Niederösterreich;Voranschlag;Gemeinde;31912;Herzogenburg;Finanzierungshaushalt;815;000;565;000;0000000;3211;"Park- und Gartenanlagen, Kinderspielplätze";Mehrleistungsvergütungen;3500,00
2026;Niederösterreich;Voranschlag;Gemeinde;31912;Herzogenburg;Finanzierungshaushalt;815;000;569;000;0000000;3211;"Park- und Gartenanlagen, Kinderspielplätze";Nebengebühren;28500,00
2026;Niederösterreich;Voranschlag;Gemeinde;31912;Herzogenburg;Finanzierungshaushalt;815;000;580;000;0000000;3212;"Park- und Gartenanlagen, Kinderspielplätze";"Dienstgeberbeitrag zum Ausgleichsfonds";7900,00
2026;Niederösterreich;Voranschlag;Gemeinde;31912;Herzogenburg;Finanzierungshaushalt;815;000;582;000;0000000;3212;"Park- und Gartenanlagen, Kinderspielplätze";"Sonstige DGB. zur sozialen Sicherheit";46000,00
2026;Niederösterreich;Voranschlag;Gemeinde;31912;Herzogenburg;Finanzierungshaushalt;815;000;600;000;0000000;3222;"Park- und Gartenanlagen, Kinderspielplätze";Strom;100,00
2026;Niederösterreich;Voranschlag;Gemeinde;31912;Herzogenburg;Finanzierungshaushalt;815;000;610;010;0000000;3224;"Park- und Gartenanlagen, Kinderspielplätze";"Instandhaltung Kostbare Jubiläumsrunde";500,00
2026;Niederösterreich;Voranschlag;Gemeinde;31912;Herzogenburg;Finanzierungshaushalt;815;000;613;000;0000000;3224;"Park- und Gartenanlagen, Kinderspielplätze";"Instandhaltung Grundstückseinrichtungen, Gitter u. Zäune";0,00
2026;Niederösterreich;Voranschlag;Gemeinde;31912;Herzogenburg;Finanzierungshaushalt;815;000;617;000;0000000;3224;"Park- und Gartenanlagen, Kinderspielplätze";"Instandhaltung von Fahrzeugen und Rasen";25000,00
2026;Niederösterreich;Voranschlag;Gemeinde;31912;Herzogenburg;Finanzierungshaushalt;815;000;618;000;0000000;3224;"Park- und Gartenanlagen, Kinderspielplätze";"Instandhaltung von Anlagen und Einrichtungen";20000,00
2026;Niederösterreich;Voranschlag;Gemeinde;31912;Herzogenburg;Finanzierungshaushalt;815;000;618;010;0000000;3224;"Park- und Gartenanlagen, Kinderspielplätze";"Instandhaltung Hundeauslaufzone";200,00
2026;Niederösterreich;Voranschlag;Gemeinde;31912;Herzogenburg;Finanzierungshaushalt;815;000;618;020;0000000;3224;"Park- und Gartenanlagen, Kinderspielplätze";"Instandhaltung Steinpark";200,00
2026;Niederösterreich;Voranschlag;Gemeinde;31912;Herzogenburg;Finanzierungshaushalt;815;000;631;000;0000000;3222;"Park- und Gartenanlagen, Kinderspielplätze";"Telefon, Telegraf, Telex";200,00
2026;Niederösterreich;Voranschlag;Gemeinde;31912;Herzogenburg;Finanzierungshaushalt;815;000;640;000;0000000;3222;"Park- und Gartenanlagen, Kinderspielplätze";Überprüfungskosten;0,00
2026;Niederösterreich;Voranschlag;Gemeinde;31912;Herzogenburg;Finanzierungshaushalt;815;000;670;000;0000000;3222;"Park- und Gartenanlagen, Kinderspielplätze";Versicherungen;4000,00
2026;Niederösterreich;Voranschlag;Gemeinde;31912;Herzogenburg;Finanzierungshaushalt;815;000;700;000;0000000;3223;"Park- und Gartenanlagen, Kinderspielplätze";Pachtzinse;800,00
2026;Niederösterreich;Voranschlag;Gemeinde;31912;Herzogenburg;Finanzierungshaushalt;815;000;705;000;0000000;3223;"Park- und Gartenanlagen, Kinderspielplätze";"Operating Leasing - John Deere Kompakttraktor";0,00
2026;Niederösterreich;Voranschlag;Gemeinde;31912;Herzogenburg;Finanzierungshaushalt;815;000;711;000;0000000;3225;"Park- und Gartenanlagen, Kinderspielplätze";"Öffentliche Abgaben";4000,00
2026;Niederösterreich;Voranschlag;Gemeinde;31912;Herzogenburg;Finanzierungshaushalt;815;000;720;000;0000000;3225;"Park- und Gartenanlagen, Kinderspielplätze";"Kostenbeiträge für Verwaltungsleistungen";100000,00
2026;Niederösterreich;Voranschlag;Gemeinde;31912;Herzogenburg;Finanzierungshaushalt;815;000;724;000;0000000;3225;"Park- und Gartenanlagen, Kinderspielplätze";Reisegebühren;100,00
2026;Niederösterreich;Voranschlag;Gemeinde;31912;Herzogenburg;Finanzierungshaushalt;815;000;728;000;0000000;3225;"Park- und Gartenanlagen, Kinderspielplätze";"Kostbare Jubiläumsrunde";500,00
2026;Niederösterreich;Voranschlag;Gemeinde;31912;Herzogenburg;Finanzierungshaushalt;815;000;728;010;0000000;3225;"Park- und Gartenanlagen, Kinderspielplätze";"Entgelte für sonstige Leistungen";0,00
2026;Niederösterreich;Voranschlag;Gemeinde;31912;Herzogenburg;Finanzierungshaushalt;815;000;729;000;0000000;3225;"Park- und Gartenanlagen, Kinderspielplätze";"Sonstige Ausgaben";100,00
2026;Niederösterreich;Voranschlag;Gemeinde;31912;Herzogenburg;Finanzierungshaushalt;815;000;810;000;0000000;3114;"Park- und Gartenanlagen, Kinderspielplätze";"Erträge aus Leistungen";0,00
2026;Niederösterreich;Voranschlag;Gemeinde;31912;Herzogenburg;Finanzierungshaushalt;815;000;816;000;0000000;3114;"Park- und Gartenanlagen, Kinderspielplätze";"Kostenersätze für Verwaltungsleistungen";1400,00
2026;Niederösterreich;Voranschlag;Gemeinde;31912;Herzogenburg;Finanzierungshaushalt;815;000;827;000;0000000;3116;"Park- und Gartenanlagen, Kinderspielplätze";"Bundessozialamt und AMS.NÖ.-Lohnzus";3000,00
2026;Niederösterreich;Voranschlag;Gemeinde;31912;Herzogenburg;Finanzierungshaushalt;815;000;829;020;0000000;3116;"Park- und Gartenanlagen, Kinderspielplätze";"Verkauf Kostbare Jubiläumsrunde";300,00
2026;Niederösterreich;Voranschlag;Gemeinde;31912;Herzogenburg;Finanzierungshaushalt;815;000;829;030;0000000;3116;"Park- und Gartenanlagen, Kinderspielplätze";"Obstbaumschnitt Kursgebühren";0,00
2026;Niederösterreich;Voranschlag;Gemeinde;31912;Herzogenburg;Finanzierungshaushalt;816;000;600;000;0000000;3222;"Öffentliche Beleuchtung und öffentl iche Uhren";Strom;55000,00
2026;Niederösterreich;Voranschlag;Gemeinde;31912;Herzogenburg;Finanzierungshaushalt;816;000;619;000;0000000;3224;"Öffentliche Beleuchtung und öffentl iche Uhren";"Instandhaltung der Straßenbeleuchtung";30000,00
2026;Niederösterreich;Voranschlag;Gemeinde;31912;Herzogenburg;Finanzierungshaushalt;816;000;720;000;0000000;3225;"Öffentliche Beleuchtung und öffentl iche Uhren";"Kostenbeiträge für Verwaltungsleistungen";300,00
2026;Niederösterreich;Voranschlag;Gemeinde;31912;Herzogenburg;Finanzierungshaushalt;816;000;728;000;0000000;3225;"Öffentliche Beleuchtung und öffentl iche Uhren";"Entgelte für sonstige Leistungen";0,00
2026;Niederösterreich;Voranschlag;Gemeinde;31912;Herzogenburg;Finanzierungshaushalt;816;000;828;000;0000000;3116;"Öffentliche Beleuchtung und öffentl iche Uhren";Stromkostenrückersätze-EVN;0,00
2026;Niederösterreich;Voranschlag;Gemeinde;31912;Herzogenburg;Finanzierungshaushalt;816;000;829;030;0000000;3116;"Öffentliche Beleuchtung und öffentl iche Uhren";Schadenersatzleistungen;0,00
2026;Niederösterreich;Voranschlag;Gemeinde;31912;Herzogenburg;Finanzierungshaushalt;817;000;020;000;2000001;3414;"Friedhöfe einschließlich Einsegnungshallen und Krematorien";"Ankauf von Maschinen und Werkzeug";1000,00
2026;Niederösterreich;Voranschlag;Gemeinde;31912;Herzogenburg;Finanzierungshaushalt;817;000;042;000;2000001;3415;"Friedhöfe einschließlich Einsegnungshallen und Krematorien";Amtsausstattung;0,00
2026;Niederösterreich;Voranschlag;Gemeinde;31912;Herzogenburg;Finanzierungshaushalt;817;000;400;000;0000000;3221;"Friedhöfe einschließlich Einsegnungshallen und Krematorien";"Geringwertige Wirtschaftsgüter";500,00
2026;Niederösterreich;Voranschlag;Gemeinde;31912;Herzogenburg;Finanzierungshaushalt;817;000;452;000;0000000;3221;"Friedhöfe einschließlich Einsegnungshallen und Krematorien";Treibstoffe;700,00
2026;Niederösterreich;Voranschlag;Gemeinde;31912;Herzogenburg;Finanzierungshaushalt;817;000;454;000;0000000;3221;"Friedhöfe einschließlich Einsegnungshallen und Krematorien";Reinigungsmittel;100,00
2026;Niederösterreich;Voranschlag;Gemeinde;31912;Herzogenburg;Finanzierungshaushalt;817;000;456;000;0000000;3221;"Friedhöfe einschließlich Einsegnungshallen und Krematorien";Büromaterial;200,00
2026;Niederösterreich;Voranschlag;Gemeinde;31912;Herzogenburg;Finanzierungshaushalt;817;000;457;000;0000000;3221;"Friedhöfe einschließlich Einsegnungshallen und Krematorien";"Gesetzesblätter, Zeitschriften und Formulare";0,00
2026;Niederösterreich;Voranschlag;Gemeinde;31912;Herzogenburg;Finanzierungshaushalt;817;000;459;000;0000000;3221;"Friedhöfe einschließlich Einsegnungshallen und Krematorien";"Sonstige Verbrauchsgüter";800,00
2026;Niederösterreich;Voranschlag;Gemeinde;31912;Herzogenburg;Finanzierungshaushalt;817;000;511;000;0000000;3211;"Friedhöfe einschließlich Einsegnungshallen und Krematorien";"Bezüge VB-Schema II";57600,00
2026;Niederösterreich;Voranschlag;Gemeinde;31912;Herzogenburg;Finanzierungshaushalt;817;000;523;000;0000000;3211;"Friedhöfe einschließlich Einsegnungshallen und Krematorien";"Bezüge sonstiger Arbeiter";0,00
2026;Niederösterreich;Voranschlag;Gemeinde;31912;Herzogenburg;Finanzierungshaushalt;817;000;541;000;0000000;3213;"Friedhöfe einschließlich Einsegnungshallen und Krematorien";"Sachbezüge VB-Schema II";1000,00
2026;Niederösterreich;Voranschlag;Gemeinde;31912;Herzogenburg;Finanzierungshaushalt;817;000;565;000;0000000;3211;"Friedhöfe einschließlich Einsegnungshallen und Krematorien";Mehrleistungsvergütungen;1000,00
2026;Niederösterreich;Voranschlag;Gemeinde;31912;Herzogenburg;Finanzierungshaushalt;817;000;569;000;0000000;3211;"Friedhöfe einschließlich Einsegnungshallen und Krematorien";Nebengebühren;8100,00
2026;Niederösterreich;Voranschlag;Gemeinde;31912;Herzogenburg;Finanzierungshaushalt;817;000;580;000;0000000;3212;"Friedhöfe einschließlich Einsegnungshallen und Krematorien";"Dienstgeberbeitrag zum Ausgleichsfonds";2500,00
2026;Niederösterreich;Voranschlag;Gemeinde;31912;Herzogenburg;Finanzierungshaushalt;817;000;582;000;0000000;3212;"Friedhöfe einschließlich Einsegnungshallen und Krematorien";"Sonstige DGB. zur sozialen Sicherheit";13900,00
2026;Niederösterreich;Voranschlag;Gemeinde;31912;Herzogenburg;Finanzierungshaushalt;817;000;600;000;0000000;3222;"Friedhöfe einschließlich Einsegnungshallen und Krematorien";Strom;4000,00
2026;Niederösterreich;Voranschlag;Gemeinde;31912;Herzogenburg;Finanzierungshaushalt;817;000;600;010;0000000;3222;"Friedhöfe einschließlich Einsegnungshallen und Krematorien";Beheizung;1200,00
2026;Niederösterreich;Voranschlag;Gemeinde;31912;Herzogenburg;Finanzierungshaushalt;817;000;610;000;0000000;3224;"Friedhöfe einschließlich Einsegnungshallen und Krematorien";"Instandhaltung Friedhofsgrund";1000,00
2026;Niederösterreich;Voranschlag;Gemeinde;31912;Herzogenburg;Finanzierungshaushalt;817;000;613;000;0000000;3224;"Friedhöfe einschließlich Einsegnungshallen und Krematorien";"Instandhaltung Wege, Mauern, Ehren- u. Kriegsgräber";10000,00
2026;Niederösterreich;Voranschlag;Gemeinde;31912;Herzogenburg;Finanzierungshaushalt;817;000;614;000;0000000;3224;"Friedhöfe einschließlich Einsegnungshallen und Krematorien";"Instandhaltung von Gebäuden";2500,00
2026;Niederösterreich;Voranschlag;Gemeinde;31912;Herzogenburg;Finanzierungshaushalt;817;000;616;000;0000000;3224;"Friedhöfe einschließlich Einsegnungshallen und Krematorien";"Instandhaltung von Maschinen und maschinellen Anlagen";0,00
2026;Niederösterreich;Voranschlag;Gemeinde;31912;Herzogenburg;Finanzierungshaushalt;817;000;617;000;0000000;3224;"Friedhöfe einschließlich Einsegnungshallen und Krematorien";"Instandhaltung von Fahrzeugen";2000,00
2026;Niederösterreich;Voranschlag;Gemeinde;31912;Herzogenburg;Finanzierungshaushalt;817;000;618;000;0000000;3224;"Friedhöfe einschließlich Einsegnungshallen und Krematorien";"Instandhaltung der Einrichtung";500,00
2026;Niederösterreich;Voranschlag;Gemeinde;31912;Herzogenburg;Finanzierungshaushalt;817;000;631;000;0000000;3222;"Friedhöfe einschließlich Einsegnungshallen und Krematorien";"Telefon, Telegraf, Telex";300,00
2026;Niederösterreich;Voranschlag;Gemeinde;31912;Herzogenburg;Finanzierungshaushalt;817;000;670;000;0000000;3222;"Friedhöfe einschließlich Einsegnungshallen und Krematorien";Versicherungen;4000,00
2026;Niederösterreich;Voranschlag;Gemeinde;31912;Herzogenburg;Finanzierungshaushalt;817;000;711;000;0000000;3225;"Friedhöfe einschließlich Einsegnungshallen und Krematorien";"Öffentliche Abgaben";16200,00
2026;Niederösterreich;Voranschlag;Gemeinde;31912;Herzogenburg;Finanzierungshaushalt;817;000;720;000;0000000;3225;"Friedhöfe einschließlich Einsegnungshallen und Krematorien";"Kostenbeiträge für Verwaltungsleistungen";4000,00
2026;Niederösterreich;Voranschlag;Gemeinde;31912;Herzogenburg;Finanzierungshaushalt;817;000;728;000;0000000;3225;"Friedhöfe einschließlich Einsegnungshallen und Krematorien";"Kosten Sozialbegräbnisse";1000,00
2026;Niederösterreich;Voranschlag;Gemeinde;31912;Herzogenburg;Finanzierungshaushalt;817;000;729;000;0000000;3225;"Friedhöfe einschließlich Einsegnungshallen und Krematorien";"Sonstige Ausgaben";100,00
2026;Niederösterreich;Voranschlag;Gemeinde;31912;Herzogenburg;Finanzierungshaushalt;817;000;729;010;0000000;3225;"Friedhöfe einschließlich Einsegnungshallen und Krematorien";"Sonstige Ausgaben - Friedhof Hl. Kreuz";1500,00
2026;Niederösterreich;Voranschlag;Gemeinde;31912;Herzogenburg;Finanzierungshaushalt;817;000;829;010;0000000;3116;"Friedhöfe einschließlich Einsegnungshallen und Krematorien";"Sonstige Einnahmen";1200,00
2026;Niederösterreich;Voranschlag;Gemeinde;31912;Herzogenburg;Finanzierungshaushalt;817;000;829;030;0000000;3116;"Friedhöfe einschließlich Einsegnungshallen und Krematorien";Schadenersatzleistungen;0,00
2026;Niederösterreich;Voranschlag;Gemeinde;31912;Herzogenburg;Finanzierungshaushalt;817;000;852;000;0000000;3113;"Friedhöfe einschließlich Einsegnungshallen und Krematorien";Grabstellengebühren;90000,00
2026;Niederösterreich;Voranschlag;Gemeinde;31912;Herzogenburg;Finanzierungshaushalt;817;000;852;010;0000000;3113;"Friedhöfe einschließlich Einsegnungshallen und Krematorien";"Grabstellengebühren - Hl. Kreuz";0,00
2026;Niederösterreich;Voranschlag;Gemeinde;31912;Herzogenburg;Finanzierungshaushalt;817;000;852;020;0000000;3113;"Friedhöfe einschließlich Einsegnungshallen und Krematorien";"Be- und Enterdigungsgebühren";23000,00
2026;Niederösterreich;Voranschlag;Gemeinde;31912;Herzogenburg;Finanzierungshaushalt;817;000;852;040;0000000;3113;"Friedhöfe einschließlich Einsegnungshallen und Krematorien";"Gebühren für Leichenhalle Herzogenburg";42000,00
2026;Niederösterreich;Voranschlag;Gemeinde;31912;Herzogenburg;Finanzierungshaushalt;817;000;852;050;0000000;3113;"Friedhöfe einschließlich Einsegnungshallen und Krematorien";"Gebühren für Leichenhalle St. Andrä";0,00
2026;Niederösterreich;Voranschlag;Gemeinde;31912;Herzogenburg;Finanzierungshaushalt;820;000;010;000;1820000;3413;Wirtschaftshöfe;"Errichtung/Sanierung Bauhof Gebäude";0,00
2026;Niederösterreich;Voranschlag;Gemeinde;31912;Herzogenburg;Finanzierungshaushalt;820;000;020;000;2000001;3414;Wirtschaftshöfe;"Ankauf von Maschinen und Werkzeugen";8500,00
2026;Niederösterreich;Voranschlag;Gemeinde;31912;Herzogenburg;Finanzierungshaushalt;820;000;040;010;2000001;3414;Wirtschaftshöfe;Fahrzeugausstattung;6000,00
2026;Niederösterreich;Voranschlag;Gemeinde;31912;Herzogenburg;Finanzierungshaushalt;820;000;042;040;2000001;3415;Wirtschaftshöfe;"Ankauf PC";0,00
2026;Niederösterreich;Voranschlag;Gemeinde;31912;Herzogenburg;Finanzierungshaushalt;820;000;346;000;1820000;3514;Wirtschaftshöfe;"Investitionsdarlehen von Finanzunternehmen";0,00
2026;Niederösterreich;Voranschlag;Gemeinde;31912;Herzogenburg;Finanzierungshaushalt;820;000;400;000;0000000;3221;Wirtschaftshöfe;"Geringwertige Wirtschaftsgüter";7000,00
2026;Niederösterreich;Voranschlag;Gemeinde;31912;Herzogenburg;Finanzierungshaushalt;820;000;420;000;0000000;3221;Wirtschaftshöfe;"Ankauf von Baustoffen";500,00
2026;Niederösterreich;Voranschlag;Gemeinde;31912;Herzogenburg;Finanzierungshaushalt;820;000;452;000;0000000;3221;Wirtschaftshöfe;Treibstoffe;2500,00
2026;Niederösterreich;Voranschlag;Gemeinde;31912;Herzogenburg;Finanzierungshaushalt;820;000;453;000;0000000;3221;Wirtschaftshöfe;"Schmier- und Schleifmittel";1600,00
2026;Niederösterreich;Voranschlag;Gemeinde;31912;Herzogenburg;Finanzierungshaushalt;820;000;454;000;0000000;3221;Wirtschaftshöfe;Reinigungsmittel;600,00
2026;Niederösterreich;Voranschlag;Gemeinde;31912;Herzogenburg;Finanzierungshaushalt;820;000;456;000;0000000;3221;Wirtschaftshöfe;Büromaterial;800,00
2026;Niederösterreich;Voranschlag;Gemeinde;31912;Herzogenburg;Finanzierungshaushalt;820;000;459;000;0000000;3221;Wirtschaftshöfe;"Sonstige Verbrauchsgüter";2100,00
2026;Niederösterreich;Voranschlag;Gemeinde;31912;Herzogenburg;Finanzierungshaushalt;820;000;511;000;0000000;3211;Wirtschaftshöfe;"Bezüge VB-Schema II";585000,00
2026;Niederösterreich;Voranschlag;Gemeinde;31912;Herzogenburg;Finanzierungshaushalt;820;000;523;000;0000000;3211;Wirtschaftshöfe;"Bezüge sonstiger Arbeiter";1000,00
2026;Niederösterreich;Voranschlag;Gemeinde;31912;Herzogenburg;Finanzierungshaushalt;820;000;541;000;0000000;3213;Wirtschaftshöfe;"Sachbezüge VB-Schema II";9000,00
2026;Niederösterreich;Voranschlag;Gemeinde;31912;Herzogenburg;Finanzierungshaushalt;820;000;565;000;0000000;3211;Wirtschaftshöfe;Mehrleistungsvergütungen;24800,00
2026;Niederösterreich;Voranschlag;Gemeinde;31912;Herzogenburg;Finanzierungshaushalt;820;000;569;000;0000000;3211;Wirtschaftshöfe;Nebengebühren;94600,00
2026;Niederösterreich;Voranschlag;Gemeinde;31912;Herzogenburg;Finanzierungshaushalt;820;000;580;000;0000000;3212;Wirtschaftshöfe;"Dienstgeberbeitrag zum Ausgleichsfonds";26100,00
2026;Niederösterreich;Voranschlag;Gemeinde;31912;Herzogenburg;Finanzierungshaushalt;820;000;582;000;0000000;3212;Wirtschaftshöfe;"Sonstige DGB. zur sozialen Sicherheit";150800,00
2026;Niederösterreich;Voranschlag;Gemeinde;31912;Herzogenburg;Finanzierungshaushalt;820;000;600;000;0000000;3222;Wirtschaftshöfe;Strom;7000,00
2026;Niederösterreich;Voranschlag;Gemeinde;31912;Herzogenburg;Finanzierungshaushalt;820;000;600;010;0000000;3222;Wirtschaftshöfe;Beheizung;3700,00
2026;Niederösterreich;Voranschlag;Gemeinde;31912;Herzogenburg;Finanzierungshaushalt;820;000;614;000;0000000;3224;Wirtschaftshöfe;"Instandhaltung von Gebäuden";1600,00
2026;Niederösterreich;Voranschlag;Gemeinde;31912;Herzogenburg;Finanzierungshaushalt;820;000;616;000;0000000;3224;Wirtschaftshöfe;"Instandhaltung v. Geräten u. Werkze";3000,00
2026;Niederösterreich;Voranschlag;Gemeinde;31912;Herzogenburg;Finanzierungshaushalt;820;000;616;010;0000000;3224;Wirtschaftshöfe;"Instandhal.v.Maschinen u. masch.Anl";1000,00
2026;Niederösterreich;Voranschlag;Gemeinde;31912;Herzogenburg;Finanzierungshaushalt;820;000;617;000;0000000;3224;Wirtschaftshöfe;"Instandhaltung von Fahrzeugen";3000,00
2026;Niederösterreich;Voranschlag;Gemeinde;31912;Herzogenburg;Finanzierungshaushalt;820;000;618;000;0000000;3224;Wirtschaftshöfe;"Instandhaltung der Einrichtung";100,00
2026;Niederösterreich;Voranschlag;Gemeinde;31912;Herzogenburg;Finanzierungshaushalt;820;000;618;040;0000000;3224;Wirtschaftshöfe;"Service für EDV";800,00
2026;Niederösterreich;Voranschlag;Gemeinde;31912;Herzogenburg;Finanzierungshaushalt;820;000;630;000;0000000;3222;Wirtschaftshöfe;Porto;0,00
2026;Niederösterreich;Voranschlag;Gemeinde;31912;Herzogenburg;Finanzierungshaushalt;820;000;631;000;0000000;3222;Wirtschaftshöfe;"Telefon, Telegraf, Telex";1400,00
2026;Niederösterreich;Voranschlag;Gemeinde;31912;Herzogenburg;Finanzierungshaushalt;820;000;670;000;0000000;3222;Wirtschaftshöfe;Versicherungen;10500,00
2026;Niederösterreich;Voranschlag;Gemeinde;31912;Herzogenburg;Finanzierungshaushalt;820;000;700;010;0000000;3223;Wirtschaftshöfe;"Miet- und Pachtaufwand";4000,00
2026;Niederösterreich;Voranschlag;Gemeinde;31912;Herzogenburg;Finanzierungshaushalt;820;000;711;000;0000000;3225;Wirtschaftshöfe;"Öffentliche Abgaben";5500,00
2026;Niederösterreich;Voranschlag;Gemeinde;31912;Herzogenburg;Finanzierungshaushalt;820;000;724;000;0000000;3225;Wirtschaftshöfe;Reisegebühren;1000,00
2026;Niederösterreich;Voranschlag;Gemeinde;31912;Herzogenburg;Finanzierungshaushalt;820;000;728;000;0000000;3225;Wirtschaftshöfe;"Schulung der Bediensteten";2500,00
2026;Niederösterreich;Voranschlag;Gemeinde;31912;Herzogenburg;Finanzierungshaushalt;820;000;728;020;0000000;3225;Wirtschaftshöfe;"Leistungsentgelte an Firmen";34000,00
2026;Niederösterreich;Voranschlag;Gemeinde;31912;Herzogenburg;Finanzierungshaushalt;820;000;729;000;0000000;3225;Wirtschaftshöfe;"Sonstige Ausgaben";600,00
2026;Niederösterreich;Voranschlag;Gemeinde;31912;Herzogenburg;Finanzierungshaushalt;820;000;816;000;0000000;3114;Wirtschaftshöfe;"Kostenbeiträge (Kostenersätze) für Verwaltungsleistungen";310800,00
2026;Niederösterreich;Voranschlag;Gemeinde;31912;Herzogenburg;Finanzierungshaushalt;820;000;827;000;0000000;3116;Wirtschaftshöfe;"Bundessozialamt und AMS.NÖ.-Lohnzus";12000,00
2026;Niederösterreich;Voranschlag;Gemeinde;31912;Herzogenburg;Finanzierungshaushalt;820;000;827;020;0000000;3116;Wirtschaftshöfe;Personalkostenersätze;8500,00
2026;Niederösterreich;Voranschlag;Gemeinde;31912;Herzogenburg;Finanzierungshaushalt;820;000;828;000;0000000;3116;Wirtschaftshöfe;"Betriebskostenersätze-EVN Stro";0,00
2026;Niederösterreich;Voranschlag;Gemeinde;31912;Herzogenburg;Finanzierungshaushalt;821;000;040;000;2000001;3414;Fuhrpark;"Ankauf von Fahrzeugen";0,00
2026;Niederösterreich;Voranschlag;Gemeinde;31912;Herzogenburg;Finanzierungshaushalt;821;000;040;010;2000001;3414;Fuhrpark;Fahrzeugausstattung;33000,00
2026;Niederösterreich;Voranschlag;Gemeinde;31912;Herzogenburg;Finanzierungshaushalt;821;000;300;742;0000000;3331;Fuhrpark;"Kapitaltransfers von Bund, Bundesfonds und Bundeskammern";0,00
2026;Niederösterreich;Voranschlag;Gemeinde;31912;Herzogenburg;Finanzierungshaushalt;821;000;346;000;0000000;3614;Fuhrpark;"Tilgung von Bankdarlehen";8000,00
2026;Niederösterreich;Voranschlag;Gemeinde;31912;Herzogenburg;Finanzierungshaushalt;821;000;400;000;0000000;3221;Fuhrpark;"Geringwertige Wirtschaftsgüter";800,00
2026;Niederösterreich;Voranschlag;Gemeinde;31912;Herzogenburg;Finanzierungshaushalt;821;000;452;000;0000000;3221;Fuhrpark;Treibstoffe;27000,00
2026;Niederösterreich;Voranschlag;Gemeinde;31912;Herzogenburg;Finanzierungshaushalt;821;000;453;000;0000000;3221;Fuhrpark;"Schmier- und Schleifmittel";1500,00
2026;Niederösterreich;Voranschlag;Gemeinde;31912;Herzogenburg;Finanzierungshaushalt;821;000;459;000;0000000;3221;Fuhrpark;"Sonstige Verbrauchsgüter";400,00
2026;Niederösterreich;Voranschlag;Gemeinde;31912;Herzogenburg;Finanzierungshaushalt;821;000;511;000;0000000;3211;Fuhrpark;"Bezüge VB-Schema II";44400,00
2026;Niederösterreich;Voranschlag;Gemeinde;31912;Herzogenburg;Finanzierungshaushalt;821;000;541;000;0000000;3213;Fuhrpark;"Sachbezüge VB-Schema II";800,00
2026;Niederösterreich;Voranschlag;Gemeinde;31912;Herzogenburg;Finanzierungshaushalt;821;000;565;000;0000000;3211;Fuhrpark;Mehrleistungsvergütungen;1000,00
2026;Niederösterreich;Voranschlag;Gemeinde;31912;Herzogenburg;Finanzierungshaushalt;821;000;569;000;0000000;3211;Fuhrpark;Nebengebühren;10000,00
2026;Niederösterreich;Voranschlag;Gemeinde;31912;Herzogenburg;Finanzierungshaushalt;821;000;580;000;0000000;3212;Fuhrpark;"Dienstgeberbeitrag zum Ausgleichsfonds";2000,00
2026;Niederösterreich;Voranschlag;Gemeinde;31912;Herzogenburg;Finanzierungshaushalt;821;000;582;000;0000000;3212;Fuhrpark;"Sonstige DGB. zur sozialen Sicherheit";11900,00
2026;Niederösterreich;Voranschlag;Gemeinde;31912;Herzogenburg;Finanzierungshaushalt;821;000;614;000;0000000;3224;Fuhrpark;"Instandhaltung von Gebäuden";0,00
2026;Niederösterreich;Voranschlag;Gemeinde;31912;Herzogenburg;Finanzierungshaushalt;821;000;617;000;0000000;3224;Fuhrpark;"Instandhaltung von Fahrzeugen";35000,00
2026;Niederösterreich;Voranschlag;Gemeinde;31912;Herzogenburg;Finanzierungshaushalt;821;000;650;000;0000000;3241;Fuhrpark;"Zinsen für Finanzschulden in Euro";500,00
2026;Niederösterreich;Voranschlag;Gemeinde;31912;Herzogenburg;Finanzierungshaushalt;821;000;670;000;0000000;3222;Fuhrpark;Versicherungen;22000,00
2026;Niederösterreich;Voranschlag;Gemeinde;31912;Herzogenburg;Finanzierungshaushalt;821;000;705;000;0000000;3223;Fuhrpark;"Operating Leasing - Renault Kangoo";24000,00
2026;Niederösterreich;Voranschlag;Gemeinde;31912;Herzogenburg;Finanzierungshaushalt;821;000;711;000;0000000;3225;Fuhrpark;"Öffentliche Abgaben";1000,00
2026;Niederösterreich;Voranschlag;Gemeinde;31912;Herzogenburg;Finanzierungshaushalt;821;000;720;000;0000000;3225;Fuhrpark;"Kostenbeiträge für Verwaltungs";600,00
2026;Niederösterreich;Voranschlag;Gemeinde;31912;Herzogenburg;Finanzierungshaushalt;821;000;729;000;0000000;3225;Fuhrpark;"Sonstige Ausgaben";300,00
2026;Niederösterreich;Voranschlag;Gemeinde;31912;Herzogenburg;Finanzierungshaushalt;821;000;816;000;0000000;3114;Fuhrpark;"Kostenersätze für Verwaltungsleistungen";11000,00
2026;Niederösterreich;Voranschlag;Gemeinde;31912;Herzogenburg;Finanzierungshaushalt;821;000;816;010;0000000;3114;Fuhrpark;"Kostenbeiträge (Kostenersätze) für Verwaltungsleistungen";60000,00
2026;Niederösterreich;Voranschlag;Gemeinde;31912;Herzogenburg;Finanzierungshaushalt;821;000;828;000;0000000;3116;Fuhrpark;"Bagger ICB";0,00
2026;Niederösterreich;Voranschlag;Gemeinde;31912;Herzogenburg;Finanzierungshaushalt;821;000;828;010;0000000;3116;Fuhrpark;"LKW Neu";0,00
2026;Niederösterreich;Voranschlag;Gemeinde;31912;Herzogenburg;Finanzierungshaushalt;821;000;828;010;0000000;3116;Fuhrpark;Nissan;0,00
2026;Niederösterreich;Voranschlag;Gemeinde;31912;Herzogenburg;Finanzierungshaushalt;821;000;829;010;0000000;3116;Fuhrpark;"Sonstige Einnahmen";0,00
2026;Niederösterreich;Voranschlag;Gemeinde;31912;Herzogenburg;Finanzierungshaushalt;821;000;861;000;0000000;3121;Fuhrpark;"Transfers von Ländern, Landesfonds und Landeskammern";0,00
2026;Niederösterreich;Voranschlag;Gemeinde;31912;Herzogenburg;Finanzierungshaushalt;821;000;871;000;0000000;3121;Fuhrpark;"Kapitaltransfers aus Gemeinde-Bedarfszuweisungsmittel";0,00
2026;Niederösterreich;Voranschlag;Gemeinde;31912;Herzogenburg;Finanzierungshaushalt;828;000;720;000;0000000;3225;"Sonstige Märkte";"Kostenbeiträge für Verwaltungsleistungen";600,00
2026;Niederösterreich;Voranschlag;Gemeinde;31912;Herzogenburg;Finanzierungshaushalt;828;000;852;000;0000000;3113;"Sonstige Märkte";Marktstandsgebühren;2500,00
2026;Niederösterreich;Voranschlag;Gemeinde;31912;Herzogenburg;Finanzierungshaushalt;839;000;619;000;0000000;3224;"Sonstige Betriebe und betriebsähnliche Einrichtungen";"Instandhaltung der Bahnhofsanlage/Park&Ride Anlage";2000,00
2026;Niederösterreich;Voranschlag;Gemeinde;31912;Herzogenburg;Finanzierungshaushalt;840;000;001;000;1840000;3312;Grundbesitz;"Verkauf von Grundstücken";1000000,00
2026;Niederösterreich;Voranschlag;Gemeinde;31912;Herzogenburg;Finanzierungshaushalt;840;000;001;000;1840000;3412;Grundbesitz;"Ankauf von Grundstücken";590000,00
2026;Niederösterreich;Voranschlag;Gemeinde;31912;Herzogenburg;Finanzierungshaushalt;840;000;346;000;0000000;3614;Grundbesitz;"Tilgung von Bankdarlehen";300000,00
2026;Niederösterreich;Voranschlag;Gemeinde;31912;Herzogenburg;Finanzierungshaushalt;840;000;640;000;0000000;3222;Grundbesitz;Notariatskosten;8100,00
2026;Niederösterreich;Voranschlag;Gemeinde;31912;Herzogenburg;Finanzierungshaushalt;840;000;650;000;0000000;3241;Grundbesitz;"Zinsen für Finanzschulden in Euro";44800,00
2026;Niederösterreich;Voranschlag;Gemeinde;31912;Herzogenburg;Finanzierungshaushalt;840;000;710;000;0000000;3225;Grundbesitz;"Öffentliche Abgaben, ohne Gebühren gemäß FAG (ImmoESt)";30000,00
2026;Niederösterreich;Voranschlag;Gemeinde;31912;Herzogenburg;Finanzierungshaushalt;840;000;711;000;0000000;3225;Grundbesitz;"Öffentliche Abgaben";40000,00
2026;Niederösterreich;Voranschlag;Gemeinde;31912;Herzogenburg;Finanzierungshaushalt;840;000;728;000;0000000;3225;Grundbesitz;"Vermessung von Grundstücken";6000,00
2026;Niederösterreich;Voranschlag;Gemeinde;31912;Herzogenburg;Finanzierungshaushalt;840;000;729;000;0000000;3225;Grundbesitz;"Sonstige Ausgaben";0,00
2026;Niederösterreich;Voranschlag;Gemeinde;31912;Herzogenburg;Finanzierungshaushalt;840;000;729;960;0000000;3225;Grundbesitz;"Übertrag Überschuss VRV97";0,00
2026;Niederösterreich;Voranschlag;Gemeinde;31912;Herzogenburg;Finanzierungshaushalt;840;000;811;010;0000000;3115;Grundbesitz;"Erlöse aus Verpachtung 10% USt.";17000,00
2026;Niederösterreich;Voranschlag;Gemeinde;31912;Herzogenburg;Finanzierungshaushalt;840;000;811;020;0000000;3115;Grundbesitz;Veranstaltungsankündigungen;3100,00
2026;Niederösterreich;Voranschlag;Gemeinde;31912;Herzogenburg;Finanzierungshaushalt;840;000;829;010;0000000;3116;Grundbesitz;"Sonstige Einnahmen";200,00
2026;Niederösterreich;Voranschlag;Gemeinde;31912;Herzogenburg;Finanzierungshaushalt;840;000;829;960;1840000;3116;Grundbesitz;"Übertrag Überschuss VRV97";0,00
2026;Niederösterreich;Voranschlag;Gemeinde;31912;Herzogenburg;Finanzierungshaushalt;842;000;610;000;0000000;3224;"Waldbesitz (soweit nicht bei 866)";"Pflege der Waldgrundstücke";20000,00
2026;Niederösterreich;Voranschlag;Gemeinde;31912;Herzogenburg;Finanzierungshaushalt;842;000;724;000;0000000;3225;"Waldbesitz (soweit nicht bei 866)";Reisegebühren;0,00
2026;Niederösterreich;Voranschlag;Gemeinde;31912;Herzogenburg;Finanzierungshaushalt;842;000;810;000;0000000;3114;"Waldbesitz (soweit nicht bei 866)";"Erlöse aus Holzverkauf";10000,00
2026;Niederösterreich;Voranschlag;Gemeinde;31912;Herzogenburg;Finanzierungshaushalt;850;000;004;000;1850000;3412;"Betriebe der Wasserversorgung";"Erweiterungen einschl. Kollaudierungen";800000,00
2026;Niederösterreich;Voranschlag;Gemeinde;31912;Herzogenburg;Finanzierungshaushalt;850;000;020;000;2000001;3414;"Betriebe der Wasserversorgung";"Ankauf von Maschinen und Werkzeugen";15000,00
2026;Niederösterreich;Voranschlag;Gemeinde;31912;Herzogenburg;Finanzierungshaushalt;850;000;040;000;2000001;3414;"Betriebe der Wasserversorgung";"Ankauf von Fahrzeugen";15000,00
2026;Niederösterreich;Voranschlag;Gemeinde;31912;Herzogenburg;Finanzierungshaushalt;850;000;307;000;1850000;3334;"Betriebe der Wasserversorgung";"Wasseranschluss- und Ergänzungsabgaben";100000,00
2026;Niederösterreich;Voranschlag;Gemeinde;31912;Herzogenburg;Finanzierungshaushalt;850;000;344;000;1850000;3511;"Betriebe der Wasserversorgung";"Darlehen NÖ Wasserwirtschaftsfonds";400,00
2026;Niederösterreich;Voranschlag;Gemeinde;31912;Herzogenburg;Finanzierungshaushalt;850;000;346;000;0000000;3614;"Betriebe der Wasserversorgung";"Tilgung von Bankdarlehen";331400,00
2026;Niederösterreich;Voranschlag;Gemeinde;31912;Herzogenburg;Finanzierungshaushalt;850;000;346;000;1850000;3514;"Betriebe der Wasserversorgung";"Investitionsdarlehen von Finanzunternehmen";700000,00
2026;Niederösterreich;Voranschlag;Gemeinde;31912;Herzogenburg;Finanzierungshaushalt;850;000;400;000;0000000;3221;"Betriebe der Wasserversorgung";"Geringwertige Wirtschaftsgüter";1500,00
2026;Niederösterreich;Voranschlag;Gemeinde;31912;Herzogenburg;Finanzierungshaushalt;850;000;452;000;0000000;3221;"Betriebe der Wasserversorgung";Treibstoffe;3500,00
2026;Niederösterreich;Voranschlag;Gemeinde;31912;Herzogenburg;Finanzierungshaushalt;850;000;456;000;0000000;3221;"Betriebe der Wasserversorgung";Büromaterial;100,00
2026;Niederösterreich;Voranschlag;Gemeinde;31912;Herzogenburg;Finanzierungshaushalt;850;000;459;000;0000000;3221;"Betriebe der Wasserversorgung";"Sonstige Verbrauchsgüter";200,00
2026;Niederösterreich;Voranschlag;Gemeinde;31912;Herzogenburg;Finanzierungshaushalt;850;000;510;000;0000000;3211;"Betriebe der Wasserversorgung";"Bezüge VB-Schema I";14600,00
2026;Niederösterreich;Voranschlag;Gemeinde;31912;Herzogenburg;Finanzierungshaushalt;850;000;511;000;0000000;3211;"Betriebe der Wasserversorgung";"Bezüge VB-Schema II";210900,00
2026;Niederösterreich;Voranschlag;Gemeinde;31912;Herzogenburg;Finanzierungshaushalt;850;000;541;000;0000000;3213;"Betriebe der Wasserversorgung";"Sachbezüge VB-Schema II";1500,00
2026;Niederösterreich;Voranschlag;Gemeinde;31912;Herzogenburg;Finanzierungshaushalt;850;000;565;000;0000000;3211;"Betriebe der Wasserversorgung";Mehrleistungsvergütungen;15000,00
2026;Niederösterreich;Voranschlag;Gemeinde;31912;Herzogenburg;Finanzierungshaushalt;850;000;569;000;0000000;3211;"Betriebe der Wasserversorgung";Nebengebühren;36600,00
2026;Niederösterreich;Voranschlag;Gemeinde;31912;Herzogenburg;Finanzierungshaushalt;850;000;580;000;0000000;3212;"Betriebe der Wasserversorgung";"Dienstgeberbeitrag zum Ausgleichsfonds";10200,00
2026;Niederösterreich;Voranschlag;Gemeinde;31912;Herzogenburg;Finanzierungshaushalt;850;000;582;000;0000000;3212;"Betriebe der Wasserversorgung";"Sonstige DGB. zur sozialen Sicherheit";43700,00
2026;Niederösterreich;Voranschlag;Gemeinde;31912;Herzogenburg;Finanzierungshaushalt;850;000;600;000;0000000;3222;"Betriebe der Wasserversorgung";Strom;58000,00
2026;Niederösterreich;Voranschlag;Gemeinde;31912;Herzogenburg;Finanzierungshaushalt;850;000;612;000;0000000;3224;"Betriebe der Wasserversorgung";"Instandhaltung d.Wasserversorgungsa";50000,00
2026;Niederösterreich;Voranschlag;Gemeinde;31912;Herzogenburg;Finanzierungshaushalt;850;000;612;010;0000000;3224;"Betriebe der Wasserversorgung";"Instandhaltung d. Wasserversorgungsanl. - Beseitigung Unwetterschäden";0,00
2026;Niederösterreich;Voranschlag;Gemeinde;31912;Herzogenburg;Finanzierungshaushalt;850;000;614;000;0000000;3224;"Betriebe der Wasserversorgung";"Instandhaltung von Gebäuden";10000,00
2026;Niederösterreich;Voranschlag;Gemeinde;31912;Herzogenburg;Finanzierungshaushalt;850;000;616;000;0000000;3224;"Betriebe der Wasserversorgung";"Instandhalt.v.Maschinen u.masc";500,00
2026;Niederösterreich;Voranschlag;Gemeinde;31912;Herzogenburg;Finanzierungshaushalt;850;000;617;000;0000000;3224;"Betriebe der Wasserversorgung";"Instandhaltung von Fahrzeugen";3500,00
2026;Niederösterreich;Voranschlag;Gemeinde;31912;Herzogenburg;Finanzierungshaushalt;850;000;618;000;0000000;3224;"Betriebe der Wasserversorgung";"Instandhaltung der Wasserzähler";20000,00
2026;Niederösterreich;Voranschlag;Gemeinde;31912;Herzogenburg;Finanzierungshaushalt;850;000;618;040;0000000;3224;"Betriebe der Wasserversorgung";"Service für EDV";13000,00
2026;Niederösterreich;Voranschlag;Gemeinde;31912;Herzogenburg;Finanzierungshaushalt;850;000;630;000;0000000;3222;"Betriebe der Wasserversorgung";Porto;5900,00
2026;Niederösterreich;Voranschlag;Gemeinde;31912;Herzogenburg;Finanzierungshaushalt;850;000;631;000;0000000;3222;"Betriebe der Wasserversorgung";"Telefon, Telegraf, Telex";1000,00
2026;Niederösterreich;Voranschlag;Gemeinde;31912;Herzogenburg;Finanzierungshaushalt;850;000;640;000;0000000;3222;"Betriebe der Wasserversorgung";Prüfungskosten;8000,00
2026;Niederösterreich;Voranschlag;Gemeinde;31912;Herzogenburg;Finanzierungshaushalt;850;000;650;000;0000000;3241;"Betriebe der Wasserversorgung";"Zinsen für Finanzschulden in Euro";65100,00
2026;Niederösterreich;Voranschlag;Gemeinde;31912;Herzogenburg;Finanzierungshaushalt;850;000;670;000;0000000;3222;"Betriebe der Wasserversorgung";Versicherungen;9000,00
2026;Niederösterreich;Voranschlag;Gemeinde;31912;Herzogenburg;Finanzierungshaushalt;850;000;691;000;0000000;3225;"Betriebe der Wasserversorgung";"Schadensvergütungen (nicht Finanzkraft relevante Abgaben)";0,00
2026;Niederösterreich;Voranschlag;Gemeinde;31912;Herzogenburg;Finanzierungshaushalt;850;000;711;000;0000000;3225;"Betriebe der Wasserversorgung";"Öffentliche Abgaben";25000,00
2026;Niederösterreich;Voranschlag;Gemeinde;31912;Herzogenburg;Finanzierungshaushalt;850;000;720;000;0000000;3225;"Betriebe der Wasserversorgung";"Kostenbeiträge für Verwaltungsleistungen";7000,00
2026;Niederösterreich;Voranschlag;Gemeinde;31912;Herzogenburg;Finanzierungshaushalt;850;000;722;010;0000000;3225;"Betriebe der Wasserversorgung";"Zweckzuschuss Gebührenhaushalt 2024";0,00
2026;Niederösterreich;Voranschlag;Gemeinde;31912;Herzogenburg;Finanzierungshaushalt;850;000;724;000;0000000;3225;"Betriebe der Wasserversorgung";Reisegebühren;200,00
2026;Niederösterreich;Voranschlag;Gemeinde;31912;Herzogenburg;Finanzierungshaushalt;850;000;728;000;0000000;3225;"Betriebe der Wasserversorgung";"Schulung der Bediensteten";1500,00
2026;Niederösterreich;Voranschlag;Gemeinde;31912;Herzogenburg;Finanzierungshaushalt;850;000;728;020;0000000;3225;"Betriebe der Wasserversorgung";"Leistungsentgelte an Firmen";15000,00
2026;Niederösterreich;Voranschlag;Gemeinde;31912;Herzogenburg;Finanzierungshaushalt;850;000;729;000;0000000;3225;"Betriebe der Wasserversorgung";"Sonstige Ausgaben";1500,00
2026;Niederösterreich;Voranschlag;Gemeinde;31912;Herzogenburg;Finanzierungshaushalt;850;000;808;010;0000000;3116;"Betriebe der Wasserversorgung";"Kostenersätze 20% USt.";0,00
2026;Niederösterreich;Voranschlag;Gemeinde;31912;Herzogenburg;Finanzierungshaushalt;850;000;816;000;0000000;3114;"Betriebe der Wasserversorgung";"Kostenbeiträge (Kostenersätze) für sonstige Leistungen";0,00
2026;Niederösterreich;Voranschlag;Gemeinde;31912;Herzogenburg;Finanzierungshaushalt;850;000;816;010;0000000;3114;"Betriebe der Wasserversorgung";"Kostenersätze 20%";300,00
2026;Niederösterreich;Voranschlag;Gemeinde;31912;Herzogenburg;Finanzierungshaushalt;850;000;827;000;0000000;3116;"Betriebe der Wasserversorgung";Personalkostenersätze;0,00
2026;Niederösterreich;Voranschlag;Gemeinde;31912;Herzogenburg;Finanzierungshaushalt;850;000;828;000;0000000;3116;"Betriebe der Wasserversorgung";"Rückersätze von Aufwendungen";0,00
2026;Niederösterreich;Voranschlag;Gemeinde;31912;Herzogenburg;Finanzierungshaushalt;850;000;852;100;0000000;3113;"Betriebe der Wasserversorgung";Wassermessergebühr;225000,00
2026;Niederösterreich;Voranschlag;Gemeinde;31912;Herzogenburg;Finanzierungshaushalt;850;000;852;200;0000000;3113;"Betriebe der Wasserversorgung";Wasserbezugsgebühr;650000,00
2026;Niederösterreich;Voranschlag;Gemeinde;31912;Herzogenburg;Finanzierungshaushalt;850;000;852;200;0000000;3113;"Betriebe der Wasserversorgung";Einzelentnahmen;0,00
2026;Niederösterreich;Voranschlag;Gemeinde;31912;Herzogenburg;Finanzierungshaushalt;850;000;861;000;0000000;3121;"Betriebe der Wasserversorgung";"Förderung NÖ WWF";0,00
2026;Niederösterreich;Voranschlag;Gemeinde;31912;Herzogenburg;Finanzierungshaushalt;850;000;861;020;0000000;3121;"Betriebe der Wasserversorgung";"Transfers von Ländern, Landesfonds und Landeskammern";0,00
2026;Niederösterreich;Voranschlag;Gemeinde;31912;Herzogenburg;Finanzierungshaushalt;850;000;861;200;0000000;3121;"Betriebe der Wasserversorgung";"Annuiätenzuschuss des ÖKK";7700,00
2026;Niederösterreich;Voranschlag;Gemeinde;31912;Herzogenburg;Finanzierungshaushalt;851;000;004;000;1851000;3412;"Betriebe der Abwasserbeseitigung";Erweiterungen;235000,00
2026;Niederösterreich;Voranschlag;Gemeinde;31912;Herzogenburg;Finanzierungshaushalt;851;000;020;000;2000001;3414;"Betriebe der Abwasserbeseitigung";"Ankauf Maschinen";10000,00
2026;Niederösterreich;Voranschlag;Gemeinde;31912;Herzogenburg;Finanzierungshaushalt;851;000;307;000;1851000;3334;"Betriebe der Abwasserbeseitigung";"Kanalanschluss- und Ergänzungsabgaben";162000,00
2026;Niederösterreich;Voranschlag;Gemeinde;31912;Herzogenburg;Finanzierungshaushalt;851;000;344;000;1851000;3511;"Betriebe der Abwasserbeseitigung";"Darlehen NÖ Wasserwirtschaftsfonds";1000,00
2026;Niederösterreich;Voranschlag;Gemeinde;31912;Herzogenburg;Finanzierungshaushalt;851;000;344;010;0000000;3611;"Betriebe der Abwasserbeseitigung";"Tilgung Wasserwirtschaftsfonds";17400,00
2026;Niederösterreich;Voranschlag;Gemeinde;31912;Herzogenburg;Finanzierungshaushalt;851;000;346;000;0000000;3614;"Betriebe der Abwasserbeseitigung";"Tilgung von Bankdarlehen";628900,00
2026;Niederösterreich;Voranschlag;Gemeinde;31912;Herzogenburg;Finanzierungshaushalt;851;000;346;000;1851000;3514;"Betriebe der Abwasserbeseitigung";"Investitionsdarlehen von Finanzunternehmen";0,00
2026;Niederösterreich;Voranschlag;Gemeinde;31912;Herzogenburg;Finanzierungshaushalt;851;000;400;000;0000000;3221;"Betriebe der Abwasserbeseitigung";"Geringwertige Wirtschaftsgüter";400,00
2026;Niederösterreich;Voranschlag;Gemeinde;31912;Herzogenburg;Finanzierungshaushalt;851;000;456;000;0000000;3221;"Betriebe der Abwasserbeseitigung";Büromaterial;0,00
2026;Niederösterreich;Voranschlag;Gemeinde;31912;Herzogenburg;Finanzierungshaushalt;851;000;510;000;0000000;3211;"Betriebe der Abwasserbeseitigung";"Bezüge VB-Schema I";40600,00
2026;Niederösterreich;Voranschlag;Gemeinde;31912;Herzogenburg;Finanzierungshaushalt;851;000;540;000;0000000;3213;"Betriebe der Abwasserbeseitigung";"Sachbezüge VB-Schema I";300,00
2026;Niederösterreich;Voranschlag;Gemeinde;31912;Herzogenburg;Finanzierungshaushalt;851;000;565;000;0000000;3211;"Betriebe der Abwasserbeseitigung";Mehrleistungsvergütungen;0,00
2026;Niederösterreich;Voranschlag;Gemeinde;31912;Herzogenburg;Finanzierungshaushalt;851;000;569;000;0000000;3211;"Betriebe der Abwasserbeseitigung";Nebengebühren;6100,00
2026;Niederösterreich;Voranschlag;Gemeinde;31912;Herzogenburg;Finanzierungshaushalt;851;000;580;000;0000000;3212;"Betriebe der Abwasserbeseitigung";"Dienstgeberbeitrag zum Ausgleichsfonds";1700,00
2026;Niederösterreich;Voranschlag;Gemeinde;31912;Herzogenburg;Finanzierungshaushalt;851;000;582;000;0000000;3212;"Betriebe der Abwasserbeseitigung";"Sonstige DGB. zur sozialen Sicherheit";9800,00
2026;Niederösterreich;Voranschlag;Gemeinde;31912;Herzogenburg;Finanzierungshaushalt;851;000;600;000;0000000;3222;"Betriebe der Abwasserbeseitigung";Strom;2300,00
2026;Niederösterreich;Voranschlag;Gemeinde;31912;Herzogenburg;Finanzierungshaushalt;851;000;617;000;0000000;3224;"Betriebe der Abwasserbeseitigung";"Instandhaltung von Fahrzeugen";400,00
2026;Niederösterreich;Voranschlag;Gemeinde;31912;Herzogenburg;Finanzierungshaushalt;851;000;618;040;0000000;3224;"Betriebe der Abwasserbeseitigung";"Service für EDV";15000,00
2026;Niederösterreich;Voranschlag;Gemeinde;31912;Herzogenburg;Finanzierungshaushalt;851;000;619;000;0000000;3224;"Betriebe der Abwasserbeseitigung";"Instandhaltung der Kanalanlage";45000,00
2026;Niederösterreich;Voranschlag;Gemeinde;31912;Herzogenburg;Finanzierungshaushalt;851;000;619;010;0000000;3224;"Betriebe der Abwasserbeseitigung";"Beseitigung von Unwetterschäden - Kanalanlage";0,00
2026;Niederösterreich;Voranschlag;Gemeinde;31912;Herzogenburg;Finanzierungshaushalt;851;000;630;000;0000000;3222;"Betriebe der Abwasserbeseitigung";Porto;2700,00
2026;Niederösterreich;Voranschlag;Gemeinde;31912;Herzogenburg;Finanzierungshaushalt;851;000;631;000;0000000;3222;"Betriebe der Abwasserbeseitigung";"Telefon, Telegraf, Telex";300,00
2026;Niederösterreich;Voranschlag;Gemeinde;31912;Herzogenburg;Finanzierungshaushalt;851;000;650;000;0000000;3241;"Betriebe der Abwasserbeseitigung";"Zinsen für Finanzschulden in Euro";135300,00
2026;Niederösterreich;Voranschlag;Gemeinde;31912;Herzogenburg;Finanzierungshaushalt;851;000;659;000;0000000;3244;"Betriebe der Abwasserbeseitigung";"Geldverkehrs- und Bankspesen";0,00
2026;Niederösterreich;Voranschlag;Gemeinde;31912;Herzogenburg;Finanzierungshaushalt;851;000;670;000;0000000;3222;"Betriebe der Abwasserbeseitigung";Versicherungen;2700,00
2026;Niederösterreich;Voranschlag;Gemeinde;31912;Herzogenburg;Finanzierungshaushalt;851;000;691;000;0000000;3225;"Betriebe der Abwasserbeseitigung";"Schadensvergütungen (nicht Finanzkraft relevante Abgaben)";0,00
2026;Niederösterreich;Voranschlag;Gemeinde;31912;Herzogenburg;Finanzierungshaushalt;851;000;711;000;0000000;3225;"Betriebe der Abwasserbeseitigung";"Öffentliche Abgaben";24500,00
2026;Niederösterreich;Voranschlag;Gemeinde;31912;Herzogenburg;Finanzierungshaushalt;851;000;720;000;0000000;3225;"Betriebe der Abwasserbeseitigung";"Kostenbeiträge für Verwaltungsleistungen";13700,00
2026;Niederösterreich;Voranschlag;Gemeinde;31912;Herzogenburg;Finanzierungshaushalt;851;000;724;000;0000000;3225;"Betriebe der Abwasserbeseitigung";Reisegebühren;0,00
2026;Niederösterreich;Voranschlag;Gemeinde;31912;Herzogenburg;Finanzierungshaushalt;851;000;728;020;0000000;3225;"Betriebe der Abwasserbeseitigung";"Leistungsentgelte an Firmen";40000,00
2026;Niederösterreich;Voranschlag;Gemeinde;31912;Herzogenburg;Finanzierungshaushalt;851;000;728;030;0000000;3225;"Betriebe der Abwasserbeseitigung";"Schulung der Bediensteten";900,00
2026;Niederösterreich;Voranschlag;Gemeinde;31912;Herzogenburg;Finanzierungshaushalt;851;000;729;000;0000000;3225;"Betriebe der Abwasserbeseitigung";"Sonstige Ausgaben";2000,00
2026;Niederösterreich;Voranschlag;Gemeinde;31912;Herzogenburg;Finanzierungshaushalt;851;000;729;960;0000000;3225;"Betriebe der Abwasserbeseitigung";"Übertrag Überschuss VRV97";0,00
2026;Niederösterreich;Voranschlag;Gemeinde;31912;Herzogenburg;Finanzierungshaushalt;851;000;752;000;0000000;3231;"Betriebe der Abwasserbeseitigung";"Umlage an Abwasserverband a. d. Traisen";201800,00
2026;Niederösterreich;Voranschlag;Gemeinde;31912;Herzogenburg;Finanzierungshaushalt;851;000;829;960;1851000;3116;"Betriebe der Abwasserbeseitigung";"Übertrag Überschuss VRV97";0,00
2026;Niederösterreich;Voranschlag;Gemeinde;31912;Herzogenburg;Finanzierungshaushalt;851;000;852;010;0000000;3113;"Betriebe der Abwasserbeseitigung";Kanalbenützungsgebühr;1870000,00
2026;Niederösterreich;Voranschlag;Gemeinde;31912;Herzogenburg;Finanzierungshaushalt;851;000;861;010;0000000;3121;"Betriebe der Abwasserbeseitigung";"Transfers von Ländern, Landesfonds und Landeskammern";0,00
2026;Niederösterreich;Voranschlag;Gemeinde;31912;Herzogenburg;Finanzierungshaushalt;851;000;861;200;0000000;3121;"Betriebe der Abwasserbeseitigung";"Annuitätenzuschüsse des ÖKK (BA01 W";48100,00
2026;Niederösterreich;Voranschlag;Gemeinde;31912;Herzogenburg;Finanzierungshaushalt;852;000;042;000;2000001;3415;"Betriebe der Müllbeseitigung";"Ankauf von Müllcontainern";5000,00
2026;Niederösterreich;Voranschlag;Gemeinde;31912;Herzogenburg;Finanzierungshaushalt;852;000;050;000;1852000;3412;"Betriebe der Müllbeseitigung";"Errichtung Problemstoffsammlung";130000,00
2026;Niederösterreich;Voranschlag;Gemeinde;31912;Herzogenburg;Finanzierungshaushalt;852;000;400;000;0000000;3221;"Betriebe der Müllbeseitigung";"Geringwertige Wirtschaftsgüter";100,00
2026;Niederösterreich;Voranschlag;Gemeinde;31912;Herzogenburg;Finanzierungshaushalt;852;000;413;000;0000000;3221;"Betriebe der Müllbeseitigung";"Ankauf von Müllsäcken- und ständern";3000,00
2026;Niederösterreich;Voranschlag;Gemeinde;31912;Herzogenburg;Finanzierungshaushalt;852;000;452;000;0000000;3221;"Betriebe der Müllbeseitigung";Treibstoffe;0,00
2026;Niederösterreich;Voranschlag;Gemeinde;31912;Herzogenburg;Finanzierungshaushalt;852;000;454;000;0000000;3221;"Betriebe der Müllbeseitigung";Reinigungsmittel;100,00
2026;Niederösterreich;Voranschlag;Gemeinde;31912;Herzogenburg;Finanzierungshaushalt;852;000;456;000;0000000;3221;"Betriebe der Müllbeseitigung";Büromaterial;200,00
2026;Niederösterreich;Voranschlag;Gemeinde;31912;Herzogenburg;Finanzierungshaushalt;852;000;457;000;0000000;3221;"Betriebe der Müllbeseitigung";Druckwerke;500,00
2026;Niederösterreich;Voranschlag;Gemeinde;31912;Herzogenburg;Finanzierungshaushalt;852;000;459;000;0000000;3221;"Betriebe der Müllbeseitigung";"Sonstige Verbrauchsgüter";100,00
2026;Niederösterreich;Voranschlag;Gemeinde;31912;Herzogenburg;Finanzierungshaushalt;852;000;510;000;0000000;3211;"Betriebe der Müllbeseitigung";"Bezüge VB-Schema I";19900,00
2026;Niederösterreich;Voranschlag;Gemeinde;31912;Herzogenburg;Finanzierungshaushalt;852;000;511;000;0000000;3211;"Betriebe der Müllbeseitigung";"Bezüge VB-Schema II";61700,00
2026;Niederösterreich;Voranschlag;Gemeinde;31912;Herzogenburg;Finanzierungshaushalt;852;000;541;000;0000000;3213;"Betriebe der Müllbeseitigung";"Sachbezüge VB-Schema II";700,00
2026;Niederösterreich;Voranschlag;Gemeinde;31912;Herzogenburg;Finanzierungshaushalt;852;000;565;000;0000000;3211;"Betriebe der Müllbeseitigung";Mehrleistungsvergütungen;5400,00
2026;Niederösterreich;Voranschlag;Gemeinde;31912;Herzogenburg;Finanzierungshaushalt;852;000;569;000;0000000;3211;"Betriebe der Müllbeseitigung";Nebengebühren;13000,00
2026;Niederösterreich;Voranschlag;Gemeinde;31912;Herzogenburg;Finanzierungshaushalt;852;000;580;000;0000000;3212;"Betriebe der Müllbeseitigung";"Dienstgeberbeitrag zum Ausgleichsfonds";3700,00
2026;Niederösterreich;Voranschlag;Gemeinde;31912;Herzogenburg;Finanzierungshaushalt;852;000;582;000;0000000;3212;"Betriebe der Müllbeseitigung";"Sonstige DGB. zur sozialen Sicherheit";21500,00
2026;Niederösterreich;Voranschlag;Gemeinde;31912;Herzogenburg;Finanzierungshaushalt;852;000;600;000;0000000;3222;"Betriebe der Müllbeseitigung";Strom;1500,00
2026;Niederösterreich;Voranschlag;Gemeinde;31912;Herzogenburg;Finanzierungshaushalt;852;000;610;000;0000000;3224;"Betriebe der Müllbeseitigung";"Instandhaltung Bodenaushubdeponie";9000,00
2026;Niederösterreich;Voranschlag;Gemeinde;31912;Herzogenburg;Finanzierungshaushalt;852;000;618;040;0000000;3224;"Betriebe der Müllbeseitigung";"Service für EDV";12000,00
2026;Niederösterreich;Voranschlag;Gemeinde;31912;Herzogenburg;Finanzierungshaushalt;852;000;619;000;0000000;3224;"Betriebe der Müllbeseitigung";"Sanierung der Müllsammelplätze";3000,00
2026;Niederösterreich;Voranschlag;Gemeinde;31912;Herzogenburg;Finanzierungshaushalt;852;000;630;000;0000000;3222;"Betriebe der Müllbeseitigung";Porto;3700,00
2026;Niederösterreich;Voranschlag;Gemeinde;31912;Herzogenburg;Finanzierungshaushalt;852;000;631;000;0000000;3222;"Betriebe der Müllbeseitigung";"Telefon, Telegraf, Telex";300,00
2026;Niederösterreich;Voranschlag;Gemeinde;31912;Herzogenburg;Finanzierungshaushalt;852;000;640;000;0000000;3222;"Betriebe der Müllbeseitigung";Untersuchungsgebühren;3000,00
2026;Niederösterreich;Voranschlag;Gemeinde;31912;Herzogenburg;Finanzierungshaushalt;852;000;670;000;0000000;3222;"Betriebe der Müllbeseitigung";Versicherungen;300,00
2026;Niederösterreich;Voranschlag;Gemeinde;31912;Herzogenburg;Finanzierungshaushalt;852;000;691;000;0000000;3225;"Betriebe der Müllbeseitigung";"Schadensvergütungen (nicht Finanzkraft relevante Abgaben)";0,00
2026;Niederösterreich;Voranschlag;Gemeinde;31912;Herzogenburg;Finanzierungshaushalt;852;000;711;000;0000000;3225;"Betriebe der Müllbeseitigung";"Öffentliche Abgaben";100,00
2026;Niederösterreich;Voranschlag;Gemeinde;31912;Herzogenburg;Finanzierungshaushalt;852;000;720;000;0000000;3225;"Betriebe der Müllbeseitigung";"Kostenbeiträge für Verwaltungsleistungen";5000,00
2026;Niederösterreich;Voranschlag;Gemeinde;31912;Herzogenburg;Finanzierungshaushalt;852;000;720;000;0000000;3225;"Betriebe der Müllbeseitigung";"Kostenbeiträge für Verwaltungsleist Papier";55000,00
2026;Niederösterreich;Voranschlag;Gemeinde;31912;Herzogenburg;Finanzierungshaushalt;852;000;720;000;0000000;3225;"Betriebe der Müllbeseitigung";"Kostenbeiträge für Verwaltungsleist Bio";14000,00
2026;Niederösterreich;Voranschlag;Gemeinde;31912;Herzogenburg;Finanzierungshaushalt;852;000;720;000;0000000;3225;"Betriebe der Müllbeseitigung";"Kostenbeiträge für Verwaltungsleist Sperr";6500,00
2026;Niederösterreich;Voranschlag;Gemeinde;31912;Herzogenburg;Finanzierungshaushalt;852;000;720;000;0000000;3225;"Betriebe der Müllbeseitigung";"Kostenbeiträge für Verwaltungsleist Windeln";24000,00
2026;Niederösterreich;Voranschlag;Gemeinde;31912;Herzogenburg;Finanzierungshaushalt;852;000;720;000;0000000;3225;"Betriebe der Müllbeseitigung";"Kostenbeiträge für Verwaltungsleist Altstoffzentrum Winden";15000,00
2026;Niederösterreich;Voranschlag;Gemeinde;31912;Herzogenburg;Finanzierungshaushalt;852;000;720;000;0000000;3225;"Betriebe der Müllbeseitigung";"Kostenbeiträge für Verwaltungsleist Problemstoffe";2000,00
2026;Niederösterreich;Voranschlag;Gemeinde;31912;Herzogenburg;Finanzierungshaushalt;852;000;720;000;0000000;3225;"Betriebe der Müllbeseitigung";"Kostenbeiträge für Verwaltungsleist Allgemein";3000,00
2026;Niederösterreich;Voranschlag;Gemeinde;31912;Herzogenburg;Finanzierungshaushalt;852;000;724;000;0000000;3225;"Betriebe der Müllbeseitigung";Reisegebühren;100,00
2026;Niederösterreich;Voranschlag;Gemeinde;31912;Herzogenburg;Finanzierungshaushalt;852;000;726;000;0000000;3225;"Betriebe der Müllbeseitigung";"Mitgliedsbeitrag Müllverband Lilien";31000,00
2026;Niederösterreich;Voranschlag;Gemeinde;31912;Herzogenburg;Finanzierungshaushalt;852;000;728;000;0000000;3225;"Betriebe der Müllbeseitigung";"Gde. Verband Abfallbehandlung Lilienfeld";225000,00
2026;Niederösterreich;Voranschlag;Gemeinde;31912;Herzogenburg;Finanzierungshaushalt;852;000;728;010;0000000;3225;"Betriebe der Müllbeseitigung";Untersuchungsgebühren;2500,00
2026;Niederösterreich;Voranschlag;Gemeinde;31912;Herzogenburg;Finanzierungshaushalt;852;000;728;020;0000000;3225;"Betriebe der Müllbeseitigung";"Leistungsentgelte an Firmen";510000,00
2026;Niederösterreich;Voranschlag;Gemeinde;31912;Herzogenburg;Finanzierungshaushalt;852;000;728;020;0000000;3225;"Betriebe der Müllbeseitigung";Restmüll-Entsorgungskosten;0,00
2026;Niederösterreich;Voranschlag;Gemeinde;31912;Herzogenburg;Finanzierungshaushalt;852;000;728;020;0000000;3225;"Betriebe der Müllbeseitigung";Biomüll-Entsorgungskosten;0,00
2026;Niederösterreich;Voranschlag;Gemeinde;31912;Herzogenburg;Finanzierungshaushalt;852;000;728;020;0000000;3225;"Betriebe der Müllbeseitigung";"Reinigung Biocontainer";0,00
2026;Niederösterreich;Voranschlag;Gemeinde;31912;Herzogenburg;Finanzierungshaushalt;852;000;728;020;0000000;3225;"Betriebe der Müllbeseitigung";Problemstoffe-Abfuhrkosten;0,00
2026;Niederösterreich;Voranschlag;Gemeinde;31912;Herzogenburg;Finanzierungshaushalt;852;000;728;020;0000000;3225;"Betriebe der Müllbeseitigung";Problemstoffe-Entsorgungskosten;0,00
2026;Niederösterreich;Voranschlag;Gemeinde;31912;Herzogenburg;Finanzierungshaushalt;852;000;728;020;0000000;3225;"Betriebe der Müllbeseitigung";Sperrmüll-Entsorgungskosten;0,00
2026;Niederösterreich;Voranschlag;Gemeinde;31912;Herzogenburg;Finanzierungshaushalt;852;000;728;020;0000000;3225;"Betriebe der Müllbeseitigung";Altglas-Entsorgungskosten;0,00
2026;Niederösterreich;Voranschlag;Gemeinde;31912;Herzogenburg;Finanzierungshaushalt;852;000;728;020;0000000;3225;"Betriebe der Müllbeseitigung";Altpapier-Entsorgungskosten;0,00
2026;Niederösterreich;Voranschlag;Gemeinde;31912;Herzogenburg;Finanzierungshaushalt;852;000;728;020;0000000;3225;"Betriebe der Müllbeseitigung";Kunststoffabfuhr;0,00
2026;Niederösterreich;Voranschlag;Gemeinde;31912;Herzogenburg;Finanzierungshaushalt;852;000;728;020;0000000;3225;"Betriebe der Müllbeseitigung";Wiegegebühr;0,00
2026;Niederösterreich;Voranschlag;Gemeinde;31912;Herzogenburg;Finanzierungshaushalt;852;000;728;020;0000000;3225;"Betriebe der Müllbeseitigung";Allgemein;0,00
2026;Niederösterreich;Voranschlag;Gemeinde;31912;Herzogenburg;Finanzierungshaushalt;852;000;728;020;0000000;3225;"Betriebe der Müllbeseitigung";EDM-Bearbeitungsgebühr;0,00
2026;Niederösterreich;Voranschlag;Gemeinde;31912;Herzogenburg;Finanzierungshaushalt;852;000;728;030;0000000;3225;"Betriebe der Müllbeseitigung";"Schulung der Bediensteten";300,00
2026;Niederösterreich;Voranschlag;Gemeinde;31912;Herzogenburg;Finanzierungshaushalt;852;000;729;000;0000000;3225;"Betriebe der Müllbeseitigung";"Sonstige Ausgaben";0,00
2026;Niederösterreich;Voranschlag;Gemeinde;31912;Herzogenburg;Finanzierungshaushalt;852;000;729;010;0000000;3225;"Betriebe der Müllbeseitigung";"Kosten der Aktion - Sauberes Herzogenburg";1000,00
2026;Niederösterreich;Voranschlag;Gemeinde;31912;Herzogenburg;Finanzierungshaushalt;852;000;816;000;0000000;3114;"Betriebe der Müllbeseitigung";Werkstofferlöse;35000,00
2026;Niederösterreich;Voranschlag;Gemeinde;31912;Herzogenburg;Finanzierungshaushalt;852;000;816;000;0000000;3114;"Betriebe der Müllbeseitigung";"Abgabenverband Lilienfeld";0,00
2026;Niederösterreich;Voranschlag;Gemeinde;31912;Herzogenburg;Finanzierungshaushalt;852;000;816;010;0000000;3114;"Betriebe der Müllbeseitigung";"Kostenbeiträge (Kostenersätze) für sonstige Leistungen";0,00
2026;Niederösterreich;Voranschlag;Gemeinde;31912;Herzogenburg;Finanzierungshaushalt;852;000;829;000;0000000;3116;"Betriebe der Müllbeseitigung";"Sonstige Einnahmen (ohne USt)";1500,00
2026;Niederösterreich;Voranschlag;Gemeinde;31912;Herzogenburg;Finanzierungshaushalt;852;000;829;010;0000000;3116;"Betriebe der Müllbeseitigung";"Sonstige Einnahmen 10 % USt.";100,00
2026;Niederösterreich;Voranschlag;Gemeinde;31912;Herzogenburg;Finanzierungshaushalt;852;000;829;020;0000000;3116;"Betriebe der Müllbeseitigung";"Sonstige Einnahmen 20% USt.";0,00
2026;Niederösterreich;Voranschlag;Gemeinde;31912;Herzogenburg;Finanzierungshaushalt;852;000;852;000;0000000;3113;"Betriebe der Müllbeseitigung";Abfallwirtschaftsgebühr;1000000,00
2026;Niederösterreich;Voranschlag;Gemeinde;31912;Herzogenburg;Finanzierungshaushalt;852;000;852;010;0000000;3113;"Betriebe der Müllbeseitigung";"Gebühren der Bodenaushubdeponie";27000,00
2026;Niederösterreich;Voranschlag;Gemeinde;31912;Herzogenburg;Finanzierungshaushalt;852;000;852;010;0000000;3113;"Betriebe der Müllbeseitigung";Aushubmaterial;0,00
2026;Niederösterreich;Voranschlag;Gemeinde;31912;Herzogenburg;Finanzierungshaushalt;852;000;852;010;0000000;3113;"Betriebe der Müllbeseitigung";"Baum- und Grünschnitt";0,00
2026;Niederösterreich;Voranschlag;Gemeinde;31912;Herzogenburg;Finanzierungshaushalt;852;000;852;010;0000000;3113;"Betriebe der Müllbeseitigung";Autoreifen;0,00
2026;Niederösterreich;Voranschlag;Gemeinde;31912;Herzogenburg;Finanzierungshaushalt;852;000;852;010;0000000;3113;"Betriebe der Müllbeseitigung";Altöl;0,00
2026;Niederösterreich;Voranschlag;Gemeinde;31912;Herzogenburg;Finanzierungshaushalt;852;000;852;010;0000000;3113;"Betriebe der Müllbeseitigung";Sperrmüll;0,00
2026;Niederösterreich;Voranschlag;Gemeinde;31912;Herzogenburg;Finanzierungshaushalt;852;000;852;010;0000000;3113;"Betriebe der Müllbeseitigung";Allgemein;0,00
2026;Niederösterreich;Voranschlag;Gemeinde;31912;Herzogenburg;Finanzierungshaushalt;852;000;852;010;0000000;3113;"Betriebe der Müllbeseitigung";"Stahl- und Eisenabfälle";0,00
2026;Niederösterreich;Voranschlag;Gemeinde;31912;Herzogenburg;Finanzierungshaushalt;852;000;852;010;0000000;3113;"Betriebe der Müllbeseitigung";Bioabfall;0,00
2026;Niederösterreich;Voranschlag;Gemeinde;31912;Herzogenburg;Finanzierungshaushalt;852;000;852;020;0000000;3113;"Betriebe der Müllbeseitigung";Abfallwirtschaftsabgabe;150000,00
2026;Niederösterreich;Voranschlag;Gemeinde;31912;Herzogenburg;Finanzierungshaushalt;852;000;861;000;0000000;3121;"Betriebe der Müllbeseitigung";"Transfers von Ländern, Landesfonds und Landeskammern";0,00
2026;Niederösterreich;Voranschlag;Gemeinde;31912;Herzogenburg;Finanzierungshaushalt;853;000;346;000;0000000;3614;"Betriebe für die Errichtung und Verwaltung von Wohn- und Geschäftsgebäuden";"Tilgung von Bankdarlehen";77000,00
2026;Niederösterreich;Voranschlag;Gemeinde;31912;Herzogenburg;Finanzierungshaushalt;853;000;400;000;0000000;3221;"Betriebe für die Errichtung und Verwaltung von Wohn- und Geschäftsgebäuden";"Geringwertige Wirtschaftsgüter";200,00
2026;Niederösterreich;Voranschlag;Gemeinde;31912;Herzogenburg;Finanzierungshaushalt;853;000;452;000;0000000;3221;"Betriebe für die Errichtung und Verwaltung von Wohn- und Geschäftsgebäuden";Treibstoffe;0,00
2026;Niederösterreich;Voranschlag;Gemeinde;31912;Herzogenburg;Finanzierungshaushalt;853;000;459;000;0000000;3221;"Betriebe für die Errichtung und Verwaltung von Wohn- und Geschäftsgebäuden";"Sonstige Verbrauchsgüter";200,00
2026;Niederösterreich;Voranschlag;Gemeinde;31912;Herzogenburg;Finanzierungshaushalt;853;000;600;000;0000000;3222;"Betriebe für die Errichtung und Verwaltung von Wohn- und Geschäftsgebäuden";"Allgemein - Strom";1000,00
2026;Niederösterreich;Voranschlag;Gemeinde;31912;Herzogenburg;Finanzierungshaushalt;853;000;600;000;0000000;3222;"Betriebe für die Errichtung und Verwaltung von Wohn- und Geschäftsgebäuden";"Brandstätte 7 - Strom";200,00
2026;Niederösterreich;Voranschlag;Gemeinde;31912;Herzogenburg;Finanzierungshaushalt;853;000;600;000;0000000;3222;"Betriebe für die Errichtung und Verwaltung von Wohn- und Geschäftsgebäuden";"Brandstätte 8 - Strom";100,00
2026;Niederösterreich;Voranschlag;Gemeinde;31912;Herzogenburg;Finanzierungshaushalt;853;000;600;000;0000000;3222;"Betriebe für die Errichtung und Verwaltung von Wohn- und Geschäftsgebäuden";"Fischergasse 6 - Strom";400,00
2026;Niederösterreich;Voranschlag;Gemeinde;31912;Herzogenburg;Finanzierungshaushalt;853;000;600;000;0000000;3222;"Betriebe für die Errichtung und Verwaltung von Wohn- und Geschäftsgebäuden";"Heiligenkreuz 8 - Strom";200,00
2026;Niederösterreich;Voranschlag;Gemeinde;31912;Herzogenburg;Finanzierungshaushalt;853;000;600;000;0000000;3222;"Betriebe für die Errichtung und Verwaltung von Wohn- und Geschäftsgebäuden";"Parkgasse-Garagen - Strom";100,00
2026;Niederösterreich;Voranschlag;Gemeinde;31912;Herzogenburg;Finanzierungshaushalt;853;000;600;000;0000000;3222;"Betriebe für die Errichtung und Verwaltung von Wohn- und Geschäftsgebäuden";"Kremser Straße 19 - Strom";100,00
2026;Niederösterreich;Voranschlag;Gemeinde;31912;Herzogenburg;Finanzierungshaushalt;853;000;600;000;0000000;3222;"Betriebe für die Errichtung und Verwaltung von Wohn- und Geschäftsgebäuden";"Kremser Straße 23 - Strom";300,00
2026;Niederösterreich;Voranschlag;Gemeinde;31912;Herzogenburg;Finanzierungshaushalt;853;000;600;000;0000000;3222;"Betriebe für die Errichtung und Verwaltung von Wohn- und Geschäftsgebäuden";"Kremser Straße 32 - Strom";200,00
2026;Niederösterreich;Voranschlag;Gemeinde;31912;Herzogenburg;Finanzierungshaushalt;853;000;600;000;0000000;3222;"Betriebe für die Errichtung und Verwaltung von Wohn- und Geschäftsgebäuden";"Oberndorfer Ortsstraße 25 - Strom";100,00
2026;Niederösterreich;Voranschlag;Gemeinde;31912;Herzogenburg;Finanzierungshaushalt;853;000;600;000;0000000;3222;"Betriebe für die Errichtung und Verwaltung von Wohn- und Geschäftsgebäuden";"Dr. Karl Renner-Gasse 9 - Strom";600,00
2026;Niederösterreich;Voranschlag;Gemeinde;31912;Herzogenburg;Finanzierungshaushalt;853;000;600;000;0000000;3222;"Betriebe für die Errichtung und Verwaltung von Wohn- und Geschäftsgebäuden";"St. Andräer Ortsstraße 29 - Strom";200,00
2026;Niederösterreich;Voranschlag;Gemeinde;31912;Herzogenburg;Finanzierungshaushalt;853;000;600;000;0000000;3222;"Betriebe für die Errichtung und Verwaltung von Wohn- und Geschäftsgebäuden";"Wiener Straße 23 - Strom";0,00
2026;Niederösterreich;Voranschlag;Gemeinde;31912;Herzogenburg;Finanzierungshaushalt;853;000;600;000;0000000;3222;"Betriebe für die Errichtung und Verwaltung von Wohn- und Geschäftsgebäuden";"Rathausplatz 4 - Strom";600,00
2026;Niederösterreich;Voranschlag;Gemeinde;31912;Herzogenburg;Finanzierungshaushalt;853;000;600;000;0000000;3222;"Betriebe für die Errichtung und Verwaltung von Wohn- und Geschäftsgebäuden";"Schillerring 19 Schulwartwhg. NMS - Strom";200,00
2026;Niederösterreich;Voranschlag;Gemeinde;31912;Herzogenburg;Finanzierungshaushalt;853;000;600;000;0000000;3222;"Betriebe für die Errichtung und Verwaltung von Wohn- und Geschäftsgebäuden";"Leerstehende Wohnungen - Strom";300,00
2026;Niederösterreich;Voranschlag;Gemeinde;31912;Herzogenburg;Finanzierungshaushalt;853;000;600;000;0000000;3222;"Betriebe für die Errichtung und Verwaltung von Wohn- und Geschäftsgebäuden";"Fischergasse 6 Praxis - Strom";0,00
2026;Niederösterreich;Voranschlag;Gemeinde;31912;Herzogenburg;Finanzierungshaushalt;853;000;600;010;0000000;3222;"Betriebe für die Errichtung und Verwaltung von Wohn- und Geschäftsgebäuden";"Fischergasse 6 - Beheizung";2500,00
2026;Niederösterreich;Voranschlag;Gemeinde;31912;Herzogenburg;Finanzierungshaushalt;853;000;600;010;0000000;3222;"Betriebe für die Errichtung und Verwaltung von Wohn- und Geschäftsgebäuden";"Heiligenkreuz 8 - Beheizung";6500,00
2026;Niederösterreich;Voranschlag;Gemeinde;31912;Herzogenburg;Finanzierungshaushalt;853;000;600;010;0000000;3222;"Betriebe für die Errichtung und Verwaltung von Wohn- und Geschäftsgebäuden";"Kremser Straße 32 - Beheizung";1800,00
2026;Niederösterreich;Voranschlag;Gemeinde;31912;Herzogenburg;Finanzierungshaushalt;853;000;600;010;0000000;3222;"Betriebe für die Errichtung und Verwaltung von Wohn- und Geschäftsgebäuden";"Oberndorfer Ortsstraße 25 - Beheizung";0,00
2026;Niederösterreich;Voranschlag;Gemeinde;31912;Herzogenburg;Finanzierungshaushalt;853;000;600;010;0000000;3222;"Betriebe für die Errichtung und Verwaltung von Wohn- und Geschäftsgebäuden";"Dr. Karl Renner-Gasse 9 - Beheizung";13000,00
2026;Niederösterreich;Voranschlag;Gemeinde;31912;Herzogenburg;Finanzierungshaushalt;853;000;600;010;0000000;3222;"Betriebe für die Errichtung und Verwaltung von Wohn- und Geschäftsgebäuden";"St. Andrä Ortsstraße 29 - Beheizung";4000,00
2026;Niederösterreich;Voranschlag;Gemeinde;31912;Herzogenburg;Finanzierungshaushalt;853;000;600;010;0000000;3222;"Betriebe für die Errichtung und Verwaltung von Wohn- und Geschäftsgebäuden";"Rathausplatz 4 - Beheizung";3000,00
2026;Niederösterreich;Voranschlag;Gemeinde;31912;Herzogenburg;Finanzierungshaushalt;853;000;600;010;0000000;3222;"Betriebe für die Errichtung und Verwaltung von Wohn- und Geschäftsgebäuden";"Auring 13 - Beheizung";0,00
2026;Niederösterreich;Voranschlag;Gemeinde;31912;Herzogenburg;Finanzierungshaushalt;853;000;600;010;0000000;3222;"Betriebe für die Errichtung und Verwaltung von Wohn- und Geschäftsgebäuden";"Leerstehende Wohnungen - Beheizung";100,00
2026;Niederösterreich;Voranschlag;Gemeinde;31912;Herzogenburg;Finanzierungshaushalt;853;000;610;000;0000000;3224;"Betriebe für die Errichtung und Verwaltung von Wohn- und Geschäftsgebäuden";"Instandhaltung von Grund und Boden";100,00
2026;Niederösterreich;Voranschlag;Gemeinde;31912;Herzogenburg;Finanzierungshaushalt;853;000;614;000;0000000;3224;"Betriebe für die Errichtung und Verwaltung von Wohn- und Geschäftsgebäuden";"Instandhaltung von Gebäuden";31300,00
2026;Niederösterreich;Voranschlag;Gemeinde;31912;Herzogenburg;Finanzierungshaushalt;853;000;614;000;0000000;3224;"Betriebe für die Errichtung und Verwaltung von Wohn- und Geschäftsgebäuden";"Allgemein - Instandhaltung von Gebäuden";200,00
2026;Niederösterreich;Voranschlag;Gemeinde;31912;Herzogenburg;Finanzierungshaushalt;853;000;614;000;0000000;3224;"Betriebe für die Errichtung und Verwaltung von Wohn- und Geschäftsgebäuden";"Auring 11 - Instandhaltung von Gebäuden";1100,00
2026;Niederösterreich;Voranschlag;Gemeinde;31912;Herzogenburg;Finanzierungshaushalt;853;000;614;000;0000000;3224;"Betriebe für die Errichtung und Verwaltung von Wohn- und Geschäftsgebäuden";"Brandstätte 6 - Instandhaltung von Gebäuden";300,00
2026;Niederösterreich;Voranschlag;Gemeinde;31912;Herzogenburg;Finanzierungshaushalt;853;000;614;000;0000000;3224;"Betriebe für die Errichtung und Verwaltung von Wohn- und Geschäftsgebäuden";"Brandstätte 7 - Instandhaltung von Gebäuden";1800,00
2026;Niederösterreich;Voranschlag;Gemeinde;31912;Herzogenburg;Finanzierungshaushalt;853;000;614;000;0000000;3224;"Betriebe für die Errichtung und Verwaltung von Wohn- und Geschäftsgebäuden";"Brandstätte 8 - Instandhaltung von Gebäuden";1000,00
2026;Niederösterreich;Voranschlag;Gemeinde;31912;Herzogenburg;Finanzierungshaushalt;853;000;614;000;0000000;3224;"Betriebe für die Errichtung und Verwaltung von Wohn- und Geschäftsgebäuden";"Fischergasse 6 - Instandhaltung von Gebäuden";100,00
2026;Niederösterreich;Voranschlag;Gemeinde;31912;Herzogenburg;Finanzierungshaushalt;853;000;614;000;0000000;3224;"Betriebe für die Errichtung und Verwaltung von Wohn- und Geschäftsgebäuden";"Heiligenkreuz 8 - Instandhaltung von Gebäuden";3400,00
2026;Niederösterreich;Voranschlag;Gemeinde;31912;Herzogenburg;Finanzierungshaushalt;853;000;614;000;0000000;3224;"Betriebe für die Errichtung und Verwaltung von Wohn- und Geschäftsgebäuden";"Parkgasse-Garagen - Instandhaltung von Gebäuden";0,00
2026;Niederösterreich;Voranschlag;Gemeinde;31912;Herzogenburg;Finanzierungshaushalt;853;000;614;000;0000000;3224;"Betriebe für die Errichtung und Verwaltung von Wohn- und Geschäftsgebäuden";"Kremser Straße 19 - Instandhaltung von Gebäuden";300,00
2026;Niederösterreich;Voranschlag;Gemeinde;31912;Herzogenburg;Finanzierungshaushalt;853;000;614;000;0000000;3224;"Betriebe für die Errichtung und Verwaltung von Wohn- und Geschäftsgebäuden";"Kremser Straße 23 - Instandhaltung von Gebäuden";400,00
2026;Niederösterreich;Voranschlag;Gemeinde;31912;Herzogenburg;Finanzierungshaushalt;853;000;614;000;0000000;3224;"Betriebe für die Errichtung und Verwaltung von Wohn- und Geschäftsgebäuden";"Kremser Straße 32 - Instandhaltung von Gebäuden";200,00
2026;Niederösterreich;Voranschlag;Gemeinde;31912;Herzogenburg;Finanzierungshaushalt;853;000;614;000;0000000;3224;"Betriebe für die Errichtung und Verwaltung von Wohn- und Geschäftsgebäuden";"Oberndorfer Ortsstraße 25 - Instandhaltung von Gebäuden";300,00
2026;Niederösterreich;Voranschlag;Gemeinde;31912;Herzogenburg;Finanzierungshaushalt;853;000;614;000;0000000;3224;"Betriebe für die Errichtung und Verwaltung von Wohn- und Geschäftsgebäuden";"Dr. Karl Renner-Gasse 7 - Instandhaltung von Gebäuden";100,00
2026;Niederösterreich;Voranschlag;Gemeinde;31912;Herzogenburg;Finanzierungshaushalt;853;000;614;000;0000000;3224;"Betriebe für die Errichtung und Verwaltung von Wohn- und Geschäftsgebäuden";"Dr. Karl Renner-Gasse 9 - Instandhaltung von Gebäuden";2000,00
2026;Niederösterreich;Voranschlag;Gemeinde;31912;Herzogenburg;Finanzierungshaushalt;853;000;614;000;0000000;3224;"Betriebe für die Errichtung und Verwaltung von Wohn- und Geschäftsgebäuden";"St. Andräer Ortsstraße 29 - Instandhaltung von Gebäuden";1100,00
2026;Niederösterreich;Voranschlag;Gemeinde;31912;Herzogenburg;Finanzierungshaushalt;853;000;614;000;0000000;3224;"Betriebe für die Errichtung und Verwaltung von Wohn- und Geschäftsgebäuden";"Wiener Straße 23 - Instandhaltung von Gebäuden";1100,00
2026;Niederösterreich;Voranschlag;Gemeinde;31912;Herzogenburg;Finanzierungshaushalt;853;000;614;000;0000000;3224;"Betriebe für die Errichtung und Verwaltung von Wohn- und Geschäftsgebäuden";"Wiener Straße 23a - Instandhaltung von Gebäuden";1100,00
2026;Niederösterreich;Voranschlag;Gemeinde;31912;Herzogenburg;Finanzierungshaushalt;853;000;614;000;0000000;3224;"Betriebe für die Errichtung und Verwaltung von Wohn- und Geschäftsgebäuden";"Rathausplatz 4 - Instandhaltung von Gebäuden";4100,00
2026;Niederösterreich;Voranschlag;Gemeinde;31912;Herzogenburg;Finanzierungshaushalt;853;000;614;000;0000000;3224;"Betriebe für die Errichtung und Verwaltung von Wohn- und Geschäftsgebäuden";"Gemeinschaftsraum Ederding - Instandhaltung von Gebäuden";100,00
2026;Niederösterreich;Voranschlag;Gemeinde;31912;Herzogenburg;Finanzierungshaushalt;853;000;614;000;0000000;3224;"Betriebe für die Errichtung und Verwaltung von Wohn- und Geschäftsgebäuden";"Auring 13 - Instandhaltung von Gebäuden";900,00
2026;Niederösterreich;Voranschlag;Gemeinde;31912;Herzogenburg;Finanzierungshaushalt;853;000;616;000;0000000;3224;"Betriebe für die Errichtung und Verwaltung von Wohn- und Geschäftsgebäuden";"Instandhaltung von Maschinen und maschinellen Anlagen";4400,00
2026;Niederösterreich;Voranschlag;Gemeinde;31912;Herzogenburg;Finanzierungshaushalt;853;000;616;000;0000000;3224;"Betriebe für die Errichtung und Verwaltung von Wohn- und Geschäftsgebäuden";"Allgemein - Instandhaltung von Maschinen und maschinellen Anlagen";100,00
2026;Niederösterreich;Voranschlag;Gemeinde;31912;Herzogenburg;Finanzierungshaushalt;853;000;616;000;0000000;3224;"Betriebe für die Errichtung und Verwaltung von Wohn- und Geschäftsgebäuden";"Brandstätte 6 - Instandhaltung von Maschinen und maschinellen Anlagen";100,00
2026;Niederösterreich;Voranschlag;Gemeinde;31912;Herzogenburg;Finanzierungshaushalt;853;000;616;000;0000000;3224;"Betriebe für die Errichtung und Verwaltung von Wohn- und Geschäftsgebäuden";"Brandstätte 7 - Instandhaltung von Maschinen und maschinellen Anlagen";300,00
2026;Niederösterreich;Voranschlag;Gemeinde;31912;Herzogenburg;Finanzierungshaushalt;853;000;616;000;0000000;3224;"Betriebe für die Errichtung und Verwaltung von Wohn- und Geschäftsgebäuden";"Fischergasse 6 - Instandhaltung von Maschinen und maschinellen Anlagen";200,00
2026;Niederösterreich;Voranschlag;Gemeinde;31912;Herzogenburg;Finanzierungshaushalt;853;000;616;000;0000000;3224;"Betriebe für die Errichtung und Verwaltung von Wohn- und Geschäftsgebäuden";"Heiligenkreuz 8 - Instandhaltung von Maschinen und maschinellen Anlagen";400,00
2026;Niederösterreich;Voranschlag;Gemeinde;31912;Herzogenburg;Finanzierungshaushalt;853;000;616;000;0000000;3224;"Betriebe für die Errichtung und Verwaltung von Wohn- und Geschäftsgebäuden";"Kremser Straße 23 -  Instandhaltung von Maschinen und maschinellen Anlagen";300,00
2026;Niederösterreich;Voranschlag;Gemeinde;31912;Herzogenburg;Finanzierungshaushalt;853;000;616;000;0000000;3224;"Betriebe für die Errichtung und Verwaltung von Wohn- und Geschäftsgebäuden";"Kremser Straße 32 -  Instandhaltung von Maschinen und maschinellen Anlagen";200,00
2026;Niederösterreich;Voranschlag;Gemeinde;31912;Herzogenburg;Finanzierungshaushalt;853;000;616;000;0000000;3224;"Betriebe für die Errichtung und Verwaltung von Wohn- und Geschäftsgebäuden";"Oberndorfer Ortsstraße 25 - Instandhaltung von Maschinen und maschinellen Anlagen";100,00
2026;Niederösterreich;Voranschlag;Gemeinde;31912;Herzogenburg;Finanzierungshaushalt;853;000;616;000;0000000;3224;"Betriebe für die Errichtung und Verwaltung von Wohn- und Geschäftsgebäuden";"Dr. Karl Renner-Gasse 9 -  Instandhaltung von Maschinen und maschinellen Anlagen";300,00
2026;Niederösterreich;Voranschlag;Gemeinde;31912;Herzogenburg;Finanzierungshaushalt;853;000;616;000;0000000;3224;"Betriebe für die Errichtung und Verwaltung von Wohn- und Geschäftsgebäuden";"St. Andräer Ortsstraße 29 - Instandhaltung von Maschinen und maschinellen Anlagen";1200,00
2026;Niederösterreich;Voranschlag;Gemeinde;31912;Herzogenburg;Finanzierungshaushalt;853;000;630;000;0000000;3222;"Betriebe für die Errichtung und Verwaltung von Wohn- und Geschäftsgebäuden";Porto;100,00
2026;Niederösterreich;Voranschlag;Gemeinde;31912;Herzogenburg;Finanzierungshaushalt;853;000;631;000;0000000;3222;"Betriebe für die Errichtung und Verwaltung von Wohn- und Geschäftsgebäuden";"Telefon, Telegraf, Telex";100,00
2026;Niederösterreich;Voranschlag;Gemeinde;31912;Herzogenburg;Finanzierungshaushalt;853;000;640;000;0000000;3222;"Betriebe für die Errichtung und Verwaltung von Wohn- und Geschäftsgebäuden";Rechtskosten;1300,00
2026;Niederösterreich;Voranschlag;Gemeinde;31912;Herzogenburg;Finanzierungshaushalt;853;000;650;000;0000000;3241;"Betriebe für die Errichtung und Verwaltung von Wohn- und Geschäftsgebäuden";"Zinsen für Finanzschulden in Euro";7000,00
2026;Niederösterreich;Voranschlag;Gemeinde;31912;Herzogenburg;Finanzierungshaushalt;853;000;670;000;0000000;3222;"Betriebe für die Errichtung und Verwaltung von Wohn- und Geschäftsgebäuden";Versicherungen;15000,00
2026;Niederösterreich;Voranschlag;Gemeinde;31912;Herzogenburg;Finanzierungshaushalt;853;000;670;000;0000000;3222;"Betriebe für die Errichtung und Verwaltung von Wohn- und Geschäftsgebäuden";"Brandstätte 6 - Versicherungen";200,00
2026;Niederösterreich;Voranschlag;Gemeinde;31912;Herzogenburg;Finanzierungshaushalt;853;000;670;000;0000000;3222;"Betriebe für die Errichtung und Verwaltung von Wohn- und Geschäftsgebäuden";"Brandstätte 7 - Versicherungen";200,00
2026;Niederösterreich;Voranschlag;Gemeinde;31912;Herzogenburg;Finanzierungshaushalt;853;000;670;000;0000000;3222;"Betriebe für die Errichtung und Verwaltung von Wohn- und Geschäftsgebäuden";"Brandstätte 8 - Versicherungen";200,00
2026;Niederösterreich;Voranschlag;Gemeinde;31912;Herzogenburg;Finanzierungshaushalt;853;000;670;000;0000000;3222;"Betriebe für die Errichtung und Verwaltung von Wohn- und Geschäftsgebäuden";"Fischergasse 6 - Versicherungen";200,00
2026;Niederösterreich;Voranschlag;Gemeinde;31912;Herzogenburg;Finanzierungshaushalt;853;000;670;000;0000000;3222;"Betriebe für die Errichtung und Verwaltung von Wohn- und Geschäftsgebäuden";"Heiligenkreuz 8 - Versicherungen";400,00
2026;Niederösterreich;Voranschlag;Gemeinde;31912;Herzogenburg;Finanzierungshaushalt;853;000;670;000;0000000;3222;"Betriebe für die Errichtung und Verwaltung von Wohn- und Geschäftsgebäuden";"Kremser Straße 19 - Versicherungen";200,00
2026;Niederösterreich;Voranschlag;Gemeinde;31912;Herzogenburg;Finanzierungshaushalt;853;000;670;000;0000000;3222;"Betriebe für die Errichtung und Verwaltung von Wohn- und Geschäftsgebäuden";"Kremser Straße 23 - Versicherungen";600,00
2026;Niederösterreich;Voranschlag;Gemeinde;31912;Herzogenburg;Finanzierungshaushalt;853;000;670;000;0000000;3222;"Betriebe für die Errichtung und Verwaltung von Wohn- und Geschäftsgebäuden";"Kremser Straße 32 - Versicherungen";100,00
2026;Niederösterreich;Voranschlag;Gemeinde;31912;Herzogenburg;Finanzierungshaushalt;853;000;670;000;0000000;3222;"Betriebe für die Errichtung und Verwaltung von Wohn- und Geschäftsgebäuden";"Oberndorfer Ortsstraße 25 - Versicherungen";200,00
2026;Niederösterreich;Voranschlag;Gemeinde;31912;Herzogenburg;Finanzierungshaushalt;853;000;670;000;0000000;3222;"Betriebe für die Errichtung und Verwaltung von Wohn- und Geschäftsgebäuden";"Dr. Karl Renner-Gasse 9 - Versicherungen";1200,00
2026;Niederösterreich;Voranschlag;Gemeinde;31912;Herzogenburg;Finanzierungshaushalt;853;000;670;000;0000000;3222;"Betriebe für die Errichtung und Verwaltung von Wohn- und Geschäftsgebäuden";"St. Andräer Ortsstraße 29 - Versicherungen";600,00
2026;Niederösterreich;Voranschlag;Gemeinde;31912;Herzogenburg;Finanzierungshaushalt;853;000;670;000;0000000;3222;"Betriebe für die Errichtung und Verwaltung von Wohn- und Geschäftsgebäuden";"Rathausplatz 4 Nemschitz Haus - Versicherungen";400,00
2026;Niederösterreich;Voranschlag;Gemeinde;31912;Herzogenburg;Finanzierungshaushalt;853;000;700;000;0000000;3223;"Betriebe für die Errichtung und Verwaltung von Wohn- und Geschäftsgebäuden";"Mietzinse - An Genossenschaft SGN";6300,00
2026;Niederösterreich;Voranschlag;Gemeinde;31912;Herzogenburg;Finanzierungshaushalt;853;000;700;000;0000000;3223;"Betriebe für die Errichtung und Verwaltung von Wohn- und Geschäftsgebäuden";"Mietzinse - An Genossenschaft SGN Auring 11";200,00
2026;Niederösterreich;Voranschlag;Gemeinde;31912;Herzogenburg;Finanzierungshaushalt;853;000;700;000;0000000;3223;"Betriebe für die Errichtung und Verwaltung von Wohn- und Geschäftsgebäuden";"Mietzinse - An Genossenschaft SGN Dr. Karl Renner-Gasse 7";1400,00
2026;Niederösterreich;Voranschlag;Gemeinde;31912;Herzogenburg;Finanzierungshaushalt;853;000;700;000;0000000;3223;"Betriebe für die Errichtung und Verwaltung von Wohn- und Geschäftsgebäuden";"Mietzinse - An Genossenschaft SGN Traismauerstraße 9";200,00
2026;Niederösterreich;Voranschlag;Gemeinde;31912;Herzogenburg;Finanzierungshaushalt;853;000;700;000;0000000;3223;"Betriebe für die Errichtung und Verwaltung von Wohn- und Geschäftsgebäuden";"Mietzinse - An Genossenschaft SGN Traismauerstraße 9a";100,00
2026;Niederösterreich;Voranschlag;Gemeinde;31912;Herzogenburg;Finanzierungshaushalt;853;000;700;000;0000000;3223;"Betriebe für die Errichtung und Verwaltung von Wohn- und Geschäftsgebäuden";"Mietzinse - An Genossenschaft SGN Wiener Straße 23";1200,00
2026;Niederösterreich;Voranschlag;Gemeinde;31912;Herzogenburg;Finanzierungshaushalt;853;000;700;000;0000000;3223;"Betriebe für die Errichtung und Verwaltung von Wohn- und Geschäftsgebäuden";"Mietzinse - An Genossenschaft SGN Wiener Straße 23a";200,00
2026;Niederösterreich;Voranschlag;Gemeinde;31912;Herzogenburg;Finanzierungshaushalt;853;000;700;000;0000000;3223;"Betriebe für die Errichtung und Verwaltung von Wohn- und Geschäftsgebäuden";"Mietzinse - An allg.gem. Wohngen. Dr. Karl Renner-Gasse 1";100,00
2026;Niederösterreich;Voranschlag;Gemeinde;31912;Herzogenburg;Finanzierungshaushalt;853;000;700;000;0000000;3223;"Betriebe für die Errichtung und Verwaltung von Wohn- und Geschäftsgebäuden";"Mietzinse - An allg.gem. Wohngen. Schillerring 16 Parkplätze";700,00
2026;Niederösterreich;Voranschlag;Gemeinde;31912;Herzogenburg;Finanzierungshaushalt;853;000;700;010;0000000;3223;"Betriebe für die Errichtung und Verwaltung von Wohn- und Geschäftsgebäuden";"Betriebskosten - Leerstehende Wohnungen";700,00
2026;Niederösterreich;Voranschlag;Gemeinde;31912;Herzogenburg;Finanzierungshaushalt;853;000;700;010;0000000;3223;"Betriebe für die Errichtung und Verwaltung von Wohn- und Geschäftsgebäuden";"Betriebskosten - Leerstehende Wohnungen Brandstätte 6/2";100,00
2026;Niederösterreich;Voranschlag;Gemeinde;31912;Herzogenburg;Finanzierungshaushalt;853;000;700;010;0000000;3223;"Betriebe für die Errichtung und Verwaltung von Wohn- und Geschäftsgebäuden";"Betriebskosten - Leerstehende Wohnungen Brandstätte 6/3";200,00
2026;Niederösterreich;Voranschlag;Gemeinde;31912;Herzogenburg;Finanzierungshaushalt;853;000;700;010;0000000;3223;"Betriebe für die Errichtung und Verwaltung von Wohn- und Geschäftsgebäuden";"Betriebskosten - Leerstehende Wohnungen Brandstätte 6/4";100,00
2026;Niederösterreich;Voranschlag;Gemeinde;31912;Herzogenburg;Finanzierungshaushalt;853;000;700;010;0000000;3223;"Betriebe für die Errichtung und Verwaltung von Wohn- und Geschäftsgebäuden";"Betriebskosten - Leerstehende Wohnungen Kremser Straße 23/6";100,00
2026;Niederösterreich;Voranschlag;Gemeinde;31912;Herzogenburg;Finanzierungshaushalt;853;000;700;010;0000000;3223;"Betriebe für die Errichtung und Verwaltung von Wohn- und Geschäftsgebäuden";"Betriebskosten - Leerstehende Wohnungen Schillerring 16";100,00
2026;Niederösterreich;Voranschlag;Gemeinde;31912;Herzogenburg;Finanzierungshaushalt;853;000;711;000;0000000;3225;"Betriebe für die Errichtung und Verwaltung von Wohn- und Geschäftsgebäuden";"Allgemein - Öffentliche Abgaben";100,00
2026;Niederösterreich;Voranschlag;Gemeinde;31912;Herzogenburg;Finanzierungshaushalt;853;000;711;000;0000000;3225;"Betriebe für die Errichtung und Verwaltung von Wohn- und Geschäftsgebäuden";"Auring 11 - Öffentliche Abgaben";400,00
2026;Niederösterreich;Voranschlag;Gemeinde;31912;Herzogenburg;Finanzierungshaushalt;853;000;711;000;0000000;3225;"Betriebe für die Errichtung und Verwaltung von Wohn- und Geschäftsgebäuden";"Brandstätte 6 - Öffentliche Abgaben";1700,00
2026;Niederösterreich;Voranschlag;Gemeinde;31912;Herzogenburg;Finanzierungshaushalt;853;000;711;000;0000000;3225;"Betriebe für die Errichtung und Verwaltung von Wohn- und Geschäftsgebäuden";"Brandstätte 7 - Öffentliche Abgaben";4300,00
2026;Niederösterreich;Voranschlag;Gemeinde;31912;Herzogenburg;Finanzierungshaushalt;853;000;711;000;0000000;3225;"Betriebe für die Errichtung und Verwaltung von Wohn- und Geschäftsgebäuden";"Brandstätte 8 - Öffentliche Abgaben";2200,00
2026;Niederösterreich;Voranschlag;Gemeinde;31912;Herzogenburg;Finanzierungshaushalt;853;000;711;000;0000000;3225;"Betriebe für die Errichtung und Verwaltung von Wohn- und Geschäftsgebäuden";"Fischergasse 6 - Öffentliche Abgaben";1500,00
2026;Niederösterreich;Voranschlag;Gemeinde;31912;Herzogenburg;Finanzierungshaushalt;853;000;711;000;0000000;3225;"Betriebe für die Errichtung und Verwaltung von Wohn- und Geschäftsgebäuden";"Heiligenkreuz 8 - Öffentliche Abgaben";1200,00
2026;Niederösterreich;Voranschlag;Gemeinde;31912;Herzogenburg;Finanzierungshaushalt;853;000;711;000;0000000;3225;"Betriebe für die Errichtung und Verwaltung von Wohn- und Geschäftsgebäuden";"Parkgasse-Garagen - Öffentliche Abgaben";200,00
2026;Niederösterreich;Voranschlag;Gemeinde;31912;Herzogenburg;Finanzierungshaushalt;853;000;711;000;0000000;3225;"Betriebe für die Errichtung und Verwaltung von Wohn- und Geschäftsgebäuden";"Kremser Straße 19 - Öffentliche Abgaben";2400,00
2026;Niederösterreich;Voranschlag;Gemeinde;31912;Herzogenburg;Finanzierungshaushalt;853;000;711;000;0000000;3225;"Betriebe für die Errichtung und Verwaltung von Wohn- und Geschäftsgebäuden";"Kremser Straße 23 - Öffentliche Abgaben";7800,00
2026;Niederösterreich;Voranschlag;Gemeinde;31912;Herzogenburg;Finanzierungshaushalt;853;000;711;000;0000000;3225;"Betriebe für die Errichtung und Verwaltung von Wohn- und Geschäftsgebäuden";"Kremser Straße 32 - Öffentliche Abgaben";1500,00
2026;Niederösterreich;Voranschlag;Gemeinde;31912;Herzogenburg;Finanzierungshaushalt;853;000;711;000;0000000;3225;"Betriebe für die Errichtung und Verwaltung von Wohn- und Geschäftsgebäuden";"Oberndorfer Ortsstraße 25 - Öffentliche Abgaben";2300,00
2026;Niederösterreich;Voranschlag;Gemeinde;31912;Herzogenburg;Finanzierungshaushalt;853;000;711;000;0000000;3225;"Betriebe für die Errichtung und Verwaltung von Wohn- und Geschäftsgebäuden";"Dr. Karl Renner-Gasse 7 - Öffentliche Abgaben";600,00
2026;Niederösterreich;Voranschlag;Gemeinde;31912;Herzogenburg;Finanzierungshaushalt;853;000;711;000;0000000;3225;"Betriebe für die Errichtung und Verwaltung von Wohn- und Geschäftsgebäuden";"Dr. Karl Renner-Gasse 9 - Öffentliche Abgaben";11000,00
2026;Niederösterreich;Voranschlag;Gemeinde;31912;Herzogenburg;Finanzierungshaushalt;853;000;711;000;0000000;3225;"Betriebe für die Errichtung und Verwaltung von Wohn- und Geschäftsgebäuden";"St. Andräer Ortsstraße 29 - Öffentliche Abgaben";3900,00
2026;Niederösterreich;Voranschlag;Gemeinde;31912;Herzogenburg;Finanzierungshaushalt;853;000;711;000;0000000;3225;"Betriebe für die Errichtung und Verwaltung von Wohn- und Geschäftsgebäuden";"Traismauerstraße 9 - Öffentliche Abgaben";700,00
2026;Niederösterreich;Voranschlag;Gemeinde;31912;Herzogenburg;Finanzierungshaushalt;853;000;711;000;0000000;3225;"Betriebe für die Errichtung und Verwaltung von Wohn- und Geschäftsgebäuden";"Traismauerstraße 9a - Öffentliche Abgaben";700,00
2026;Niederösterreich;Voranschlag;Gemeinde;31912;Herzogenburg;Finanzierungshaushalt;853;000;711;000;0000000;3225;"Betriebe für die Errichtung und Verwaltung von Wohn- und Geschäftsgebäuden";"Wiener Straße 23 - Öffentliche Abgaben";1300,00
2026;Niederösterreich;Voranschlag;Gemeinde;31912;Herzogenburg;Finanzierungshaushalt;853;000;711;000;0000000;3225;"Betriebe für die Errichtung und Verwaltung von Wohn- und Geschäftsgebäuden";"Wiener Straße 23a - Öffentliche Abgaben";700,00
2026;Niederösterreich;Voranschlag;Gemeinde;31912;Herzogenburg;Finanzierungshaushalt;853;000;711;000;0000000;3225;"Betriebe für die Errichtung und Verwaltung von Wohn- und Geschäftsgebäuden";"Rathausplatz 4-Nemschitz Haus - Öffentliche Abgaben";1300,00
2026;Niederösterreich;Voranschlag;Gemeinde;31912;Herzogenburg;Finanzierungshaushalt;853;000;720;000;0000000;3225;"Betriebe für die Errichtung und Verwaltung von Wohn- und Geschäftsgebäuden";"Kostenbeiträge für Verwaltungsleistungen";6300,00
2026;Niederösterreich;Voranschlag;Gemeinde;31912;Herzogenburg;Finanzierungshaushalt;853;000;720;000;0000000;3225;"Betriebe für die Errichtung und Verwaltung von Wohn- und Geschäftsgebäuden";"Brandstätte 7 - Kostenbeiträge für Verwaltungsleistungen";600,00
2026;Niederösterreich;Voranschlag;Gemeinde;31912;Herzogenburg;Finanzierungshaushalt;853;000;720;000;0000000;3225;"Betriebe für die Errichtung und Verwaltung von Wohn- und Geschäftsgebäuden";"Brandstätte 8 - Kostenbeiträge für Verwaltungsleistungen";100,00
2026;Niederösterreich;Voranschlag;Gemeinde;31912;Herzogenburg;Finanzierungshaushalt;853;000;720;000;0000000;3225;"Betriebe für die Errichtung und Verwaltung von Wohn- und Geschäftsgebäuden";"Fischergasse 6 - Kostenbeiträge für Verwaltungsleistungen";100,00
2026;Niederösterreich;Voranschlag;Gemeinde;31912;Herzogenburg;Finanzierungshaushalt;853;000;720;000;0000000;3225;"Betriebe für die Errichtung und Verwaltung von Wohn- und Geschäftsgebäuden";"Heiligenkreuz 8 - Kostenbeiträge für Verwaltungsleistungen";100,00
2026;Niederösterreich;Voranschlag;Gemeinde;31912;Herzogenburg;Finanzierungshaushalt;853;000;720;000;0000000;3225;"Betriebe für die Errichtung und Verwaltung von Wohn- und Geschäftsgebäuden";"Kremser Straße 23 - Kostenbeiträge für Verwaltungsleistungen";100,00
2026;Niederösterreich;Voranschlag;Gemeinde;31912;Herzogenburg;Finanzierungshaushalt;853;000;720;000;0000000;3225;"Betriebe für die Errichtung und Verwaltung von Wohn- und Geschäftsgebäuden";"Oberndorfer Ortsstraße 25 - Kostenbeiträge für Verwaltungsleistungen";200,00
2026;Niederösterreich;Voranschlag;Gemeinde;31912;Herzogenburg;Finanzierungshaushalt;853;000;720;000;0000000;3225;"Betriebe für die Errichtung und Verwaltung von Wohn- und Geschäftsgebäuden";"Dr. Karl Renner-Gasse 9 - Kostenbeiträge für Verwaltungsleistungen";500,00
2026;Niederösterreich;Voranschlag;Gemeinde;31912;Herzogenburg;Finanzierungshaushalt;853;000;720;000;0000000;3225;"Betriebe für die Errichtung und Verwaltung von Wohn- und Geschäftsgebäuden";"St. Andräer Ortsstraße 29 - Kostenbeiträge für Verwaltungsleistungen";1000,00
2026;Niederösterreich;Voranschlag;Gemeinde;31912;Herzogenburg;Finanzierungshaushalt;853;000;720;000;0000000;3225;"Betriebe für die Errichtung und Verwaltung von Wohn- und Geschäftsgebäuden";"Rathausplatz 4 Nemschitz Haus - Kostenbeiträge für Verwaltungsleistungen";100,00
2026;Niederösterreich;Voranschlag;Gemeinde;31912;Herzogenburg;Finanzierungshaushalt;853;000;720;000;0000000;3225;"Betriebe für die Errichtung und Verwaltung von Wohn- und Geschäftsgebäuden";"Auring 13 Sportplatz - Kostenbeiträge für Verwaltungsleistungen";1100,00
2026;Niederösterreich;Voranschlag;Gemeinde;31912;Herzogenburg;Finanzierungshaushalt;853;000;726;000;0000000;3225;"Betriebe für die Errichtung und Verwaltung von Wohn- und Geschäftsgebäuden";"Mitgliedsbeiträge an Institutionen - Heiligenkreuz 8";0,00
2026;Niederösterreich;Voranschlag;Gemeinde;31912;Herzogenburg;Finanzierungshaushalt;853;000;728;020;0000000;3225;"Betriebe für die Errichtung und Verwaltung von Wohn- und Geschäftsgebäuden";"Dr. Karl Renner-Gasse 9 - Entschädigung für Stiegenreinigung";4900,00
2026;Niederösterreich;Voranschlag;Gemeinde;31912;Herzogenburg;Finanzierungshaushalt;853;000;728;020;0000000;3225;"Betriebe für die Errichtung und Verwaltung von Wohn- und Geschäftsgebäuden";"Allgemein - Entschädigung für Stiegenreinigung";500,00
2026;Niederösterreich;Voranschlag;Gemeinde;31912;Herzogenburg;Finanzierungshaushalt;853;000;728;040;0000000;3225;"Betriebe für die Errichtung und Verwaltung von Wohn- und Geschäftsgebäuden";"Allgemeine Mieterentschädigung";0,00
2026;Niederösterreich;Voranschlag;Gemeinde;31912;Herzogenburg;Finanzierungshaushalt;853;000;728;050;0000000;3225;"Betriebe für die Errichtung und Verwaltung von Wohn- und Geschäftsgebäuden";"Dr. Karl Renner-Gasse 9 - Entschädigung für Grundreinigung";0,00
2026;Niederösterreich;Voranschlag;Gemeinde;31912;Herzogenburg;Finanzierungshaushalt;853;000;729;000;0000000;3225;"Betriebe für die Errichtung und Verwaltung von Wohn- und Geschäftsgebäuden";"Sonstige Ausgaben";600,00
2026;Niederösterreich;Voranschlag;Gemeinde;31912;Herzogenburg;Finanzierungshaushalt;853;000;729;000;0000000;3225;"Betriebe für die Errichtung und Verwaltung von Wohn- und Geschäftsgebäuden";"Auring 11 - Sonstige Ausgaben";0,00
2026;Niederösterreich;Voranschlag;Gemeinde;31912;Herzogenburg;Finanzierungshaushalt;853;000;729;000;0000000;3225;"Betriebe für die Errichtung und Verwaltung von Wohn- und Geschäftsgebäuden";"Kremser Straße 23 - Sonstige Ausgaben";0,00
2026;Niederösterreich;Voranschlag;Gemeinde;31912;Herzogenburg;Finanzierungshaushalt;853;000;729;000;0000000;3225;"Betriebe für die Errichtung und Verwaltung von Wohn- und Geschäftsgebäuden";"Wiener Straße 23 - Sonstige Ausgaben";0,00
2026;Niederösterreich;Voranschlag;Gemeinde;31912;Herzogenburg;Finanzierungshaushalt;853;000;729;000;0000000;3225;"Betriebe für die Errichtung und Verwaltung von Wohn- und Geschäftsgebäuden";"Wiener Straße 23a - Sonstige Ausgaben";0,00
2026;Niederösterreich;Voranschlag;Gemeinde;31912;Herzogenburg;Finanzierungshaushalt;853;000;811;010;0000000;3115;"Betriebe für die Errichtung und Verwaltung von Wohn- und Geschäftsgebäuden";"Mieten- und Betriebskostenersätze 10% USt.";0,00
2026;Niederösterreich;Voranschlag;Gemeinde;31912;Herzogenburg;Finanzierungshaushalt;853;000;811;020;0000000;3115;"Betriebe für die Errichtung und Verwaltung von Wohn- und Geschäftsgebäuden";"Mieten- und Betriebskostenersätze 20% USt.";5000,00
2026;Niederösterreich;Voranschlag;Gemeinde;31912;Herzogenburg;Finanzierungshaushalt;853;000;811;040;0000000;3115;"Betriebe für die Errichtung und Verwaltung von Wohn- und Geschäftsgebäuden";"Althaussanierung Dr. Karl Renner-Gasse 9";21000,00
2026;Niederösterreich;Voranschlag;Gemeinde;31912;Herzogenburg;Finanzierungshaushalt;853;000;811;050;0000000;3115;"Betriebe für die Errichtung und Verwaltung von Wohn- und Geschäftsgebäuden";"Stiegenreinigung (ohne USt.)";5000,00
2026;Niederösterreich;Voranschlag;Gemeinde;31912;Herzogenburg;Finanzierungshaushalt;853;000;811;100;0000000;3115;"Betriebe für die Errichtung und Verwaltung von Wohn- und Geschäftsgebäuden";"Mieterträge (neu)";117000,00
2026;Niederösterreich;Voranschlag;Gemeinde;31912;Herzogenburg;Finanzierungshaushalt;853;000;811;200;0000000;3115;"Betriebe für die Errichtung und Verwaltung von Wohn- und Geschäftsgebäuden";"Betriebskosten (neu)";43000,00
2026;Niederösterreich;Voranschlag;Gemeinde;31912;Herzogenburg;Finanzierungshaushalt;853;000;811;300;0000000;3115;"Betriebe für die Errichtung und Verwaltung von Wohn- und Geschäftsgebäuden";"Verwaltungskosten (neu)";12000,00
2026;Niederösterreich;Voranschlag;Gemeinde;31912;Herzogenburg;Finanzierungshaushalt;853;000;811;400;0000000;3115;"Betriebe für die Errichtung und Verwaltung von Wohn- und Geschäftsgebäuden";"Heizkosten/Warmwasser (neu)";22000,00
2026;Niederösterreich;Voranschlag;Gemeinde;31912;Herzogenburg;Finanzierungshaushalt;853;000;828;000;0000000;3116;"Betriebe für die Errichtung und Verwaltung von Wohn- und Geschäftsgebäuden";"Rückersätze von Aufwendungen";0,00
2026;Niederösterreich;Voranschlag;Gemeinde;31912;Herzogenburg;Finanzierungshaushalt;853;000;829;010;0000000;3116;"Betriebe für die Errichtung und Verwaltung von Wohn- und Geschäftsgebäuden";"Sonstige Einnahmen";700,00
2026;Niederösterreich;Voranschlag;Gemeinde;31912;Herzogenburg;Finanzierungshaushalt;853;000;829;020;0000000;3116;"Betriebe für die Errichtung und Verwaltung von Wohn- und Geschäftsgebäuden";"Sonstige Einnahmen (ohne USt.)";600,00
2026;Niederösterreich;Voranschlag;Gemeinde;31912;Herzogenburg;Finanzierungshaushalt;853;000;829;030;0000000;3116;"Betriebe für die Errichtung und Verwaltung von Wohn- und Geschäftsgebäuden";Schadenersatzleistungen;0,00
2026;Niederösterreich;Voranschlag;Gemeinde;31912;Herzogenburg;Finanzierungshaushalt;853;000;861;200;0000000;3121;"Betriebe für die Errichtung und Verwaltung von Wohn- und Geschäftsgebäuden";"Zinsenzuschuss des Landes";37700,00
2026;Niederösterreich;Voranschlag;Gemeinde;31912;Herzogenburg;Finanzierungshaushalt;859;010;042;000;2000001;3415;Freibäder;Betriebsausstattung;3300,00
2026;Niederösterreich;Voranschlag;Gemeinde;31912;Herzogenburg;Finanzierungshaushalt;859;010;042;010;2000001;3415;Freibäder;"Neuinstallation Schaltkasten/-schrank";41000,00
2026;Niederösterreich;Voranschlag;Gemeinde;31912;Herzogenburg;Finanzierungshaushalt;859;010;042;040;2000001;3415;Freibäder;"Neuanschaffung EDV";0,00
2026;Niederösterreich;Voranschlag;Gemeinde;31912;Herzogenburg;Finanzierungshaushalt;859;010;050;000;2000001;3412;Freibäder;"Neuerrichtung Becken/Rutschen";0,00
2026;Niederösterreich;Voranschlag;Gemeinde;31912;Herzogenburg;Finanzierungshaushalt;859;010;400;000;0000000;3221;Freibäder;"Geringwertige Wirtschaftsgüter";2500,00
2026;Niederösterreich;Voranschlag;Gemeinde;31912;Herzogenburg;Finanzierungshaushalt;859;010;413;000;0000000;3221;Freibäder;"Ankauf von Badeartikeln";200,00
2026;Niederösterreich;Voranschlag;Gemeinde;31912;Herzogenburg;Finanzierungshaushalt;859;010;413;010;0000000;3221;Freibäder;"Ankauf Eintrittskarten";0,00
2026;Niederösterreich;Voranschlag;Gemeinde;31912;Herzogenburg;Finanzierungshaushalt;859;010;452;000;0000000;3221;Freibäder;Treibstoffe;100,00
2026;Niederösterreich;Voranschlag;Gemeinde;31912;Herzogenburg;Finanzierungshaushalt;859;010;454;000;0000000;3221;Freibäder;Reinigungsmittel;100,00
2026;Niederösterreich;Voranschlag;Gemeinde;31912;Herzogenburg;Finanzierungshaushalt;859;010;455;000;0000000;3221;Freibäder;"Chemische Mittel";12000,00
2026;Niederösterreich;Voranschlag;Gemeinde;31912;Herzogenburg;Finanzierungshaushalt;859;010;456;000;0000000;3221;Freibäder;Büromaterial;200,00
2026;Niederösterreich;Voranschlag;Gemeinde;31912;Herzogenburg;Finanzierungshaushalt;859;010;459;000;0000000;3221;Freibäder;"Sonstige Verbrauchsgüter";2500,00
2026;Niederösterreich;Voranschlag;Gemeinde;31912;Herzogenburg;Finanzierungshaushalt;859;010;511;000;0000000;3211;Freibäder;"Bezüge VB-Schema II";140400,00
2026;Niederösterreich;Voranschlag;Gemeinde;31912;Herzogenburg;Finanzierungshaushalt;859;010;541;000;0000000;3213;Freibäder;"Sachbezüge VB-Schema II";2000,00
2026;Niederösterreich;Voranschlag;Gemeinde;31912;Herzogenburg;Finanzierungshaushalt;859;010;565;000;0000000;3211;Freibäder;Mehrleistungsvergütungen;21100,00
2026;Niederösterreich;Voranschlag;Gemeinde;31912;Herzogenburg;Finanzierungshaushalt;859;010;569;000;0000000;3211;Freibäder;Nebengebühren;28200,00
2026;Niederösterreich;Voranschlag;Gemeinde;31912;Herzogenburg;Finanzierungshaushalt;859;010;580;000;0000000;3212;Freibäder;"Dienstgeberbeitrag zum Ausgleichsfonds";7000,00
2026;Niederösterreich;Voranschlag;Gemeinde;31912;Herzogenburg;Finanzierungshaushalt;859;010;582;000;0000000;3212;Freibäder;"Sonstige DGB. zur sozialen Sicherheit";40900,00
2026;Niederösterreich;Voranschlag;Gemeinde;31912;Herzogenburg;Finanzierungshaushalt;859;010;600;000;0000000;3222;Freibäder;Strom;35000,00
2026;Niederösterreich;Voranschlag;Gemeinde;31912;Herzogenburg;Finanzierungshaushalt;859;010;610;000;0000000;3224;Freibäder;"Instandhaltung Aussenanlage";5000,00
2026;Niederösterreich;Voranschlag;Gemeinde;31912;Herzogenburg;Finanzierungshaushalt;859;010;610;010;0000000;3224;Freibäder;"Instandhaltung Aussenanlage - Unwetterschäden";0,00
2026;Niederösterreich;Voranschlag;Gemeinde;31912;Herzogenburg;Finanzierungshaushalt;859;010;613;000;0000000;3224;Freibäder;"Sanierung Kleinbadeteich";1000,00
2026;Niederösterreich;Voranschlag;Gemeinde;31912;Herzogenburg;Finanzierungshaushalt;859;010;614;000;0000000;3224;Freibäder;"Instandhaltung von Gebäuden";2500,00
2026;Niederösterreich;Voranschlag;Gemeinde;31912;Herzogenburg;Finanzierungshaushalt;859;010;616;000;0000000;3224;Freibäder;"Instandhaltung von Maschinen und ma";55000,00
2026;Niederösterreich;Voranschlag;Gemeinde;31912;Herzogenburg;Finanzierungshaushalt;859;010;618;000;0000000;3224;Freibäder;"Instandhaltung der Einrichtung";5000,00
2026;Niederösterreich;Voranschlag;Gemeinde;31912;Herzogenburg;Finanzierungshaushalt;859;010;618;040;0000000;3224;Freibäder;"Service für EDV";800,00
2026;Niederösterreich;Voranschlag;Gemeinde;31912;Herzogenburg;Finanzierungshaushalt;859;010;631;000;0000000;3222;Freibäder;"Telefon, Telegraf, Telex";1800,00
2026;Niederösterreich;Voranschlag;Gemeinde;31912;Herzogenburg;Finanzierungshaushalt;859;010;640;000;0000000;3222;Freibäder;"Prüfungskosten für Wasseruntersuchu";2600,00
2026;Niederösterreich;Voranschlag;Gemeinde;31912;Herzogenburg;Finanzierungshaushalt;859;010;657;000;0000000;3244;Freibäder;Disagien;500,00
2026;Niederösterreich;Voranschlag;Gemeinde;31912;Herzogenburg;Finanzierungshaushalt;859;010;670;000;0000000;3222;Freibäder;Versicherungen;8600,00
2026;Niederösterreich;Voranschlag;Gemeinde;31912;Herzogenburg;Finanzierungshaushalt;859;010;711;000;0000000;3225;Freibäder;"Öffentliche Abgaben";35000,00
2026;Niederösterreich;Voranschlag;Gemeinde;31912;Herzogenburg;Finanzierungshaushalt;859;010;720;000;0000000;3225;Freibäder;"Kostenbeiträge für Verwaltungsleistungen";10000,00
2026;Niederösterreich;Voranschlag;Gemeinde;31912;Herzogenburg;Finanzierungshaushalt;859;010;724;000;0000000;3225;Freibäder;Reisegebühren;600,00
2026;Niederösterreich;Voranschlag;Gemeinde;31912;Herzogenburg;Finanzierungshaushalt;859;010;728;000;0000000;3225;Freibäder;Werbemaßnahmen;0,00
2026;Niederösterreich;Voranschlag;Gemeinde;31912;Herzogenburg;Finanzierungshaushalt;859;010;728;010;0000000;3225;Freibäder;"Schulung der Bediensteten";1500,00
2026;Niederösterreich;Voranschlag;Gemeinde;31912;Herzogenburg;Finanzierungshaushalt;859;010;728;020;0000000;3225;Freibäder;"Entgelte für sonstige Leistungen";10000,00
2026;Niederösterreich;Voranschlag;Gemeinde;31912;Herzogenburg;Finanzierungshaushalt;859;010;729;000;0000000;3225;Freibäder;"Sonstige Ausgaben";1500,00
2026;Niederösterreich;Voranschlag;Gemeinde;31912;Herzogenburg;Finanzierungshaushalt;859;010;810;000;0000000;3114;Freibäder;Badebenützungsgebühren;180000,00
2026;Niederösterreich;Voranschlag;Gemeinde;31912;Herzogenburg;Finanzierungshaushalt;859;010;811;000;0000000;3115;Freibäder;"Mieten und Pachte";20000,00
2026;Niederösterreich;Voranschlag;Gemeinde;31912;Herzogenburg;Finanzierungshaushalt;859;010;829;010;0000000;3116;Freibäder;"Sonstige Einnahmen";500,00
2026;Niederösterreich;Voranschlag;Gemeinde;31912;Herzogenburg;Finanzierungshaushalt;859;010;829;030;0000000;3116;Freibäder;Schadenersatzleistungen;0,00
2026;Niederösterreich;Voranschlag;Gemeinde;31912;Herzogenburg;Finanzierungshaushalt;859;010;861;000;0000000;3121;Freibäder;"Transfers von Ländern, Landesfonds und Landeskammern";0,00
2026;Niederösterreich;Voranschlag;Gemeinde;31912;Herzogenburg;Finanzierungshaushalt;859;020;006;010;2000001;3412;Freizeitanlage;Bewegungspark;0,00
2026;Niederösterreich;Voranschlag;Gemeinde;31912;Herzogenburg;Finanzierungshaushalt;859;020;010;000;1859020;3413;Freizeitanlage;"Errichtung/Sanierung Freizeitzentrum";0,00
2026;Niederösterreich;Voranschlag;Gemeinde;31912;Herzogenburg;Finanzierungshaushalt;859;020;042;000;2000001;3415;Freizeitanlage;"Anschaffung v.Einrichtungsgegenstän";1000,00
2026;Niederösterreich;Voranschlag;Gemeinde;31912;Herzogenburg;Finanzierungshaushalt;859;020;042;010;2000001;3415;Freizeitanlage;"Anschaffung Turngeräte";0,00
2026;Niederösterreich;Voranschlag;Gemeinde;31912;Herzogenburg;Finanzierungshaushalt;859;020;301;000;0000000;3331;Freizeitanlage;"Kapitaltransfers von Ländern, Landesfonds und Landeskammern";0,00
2026;Niederösterreich;Voranschlag;Gemeinde;31912;Herzogenburg;Finanzierungshaushalt;859;020;346;000;1859020;3514;Freizeitanlage;"Investitionsdarlehen von Finanzunternehmen";0,00
2026;Niederösterreich;Voranschlag;Gemeinde;31912;Herzogenburg;Finanzierungshaushalt;859;020;400;000;0000000;3221;Freizeitanlage;"Geringwertige Wirtschaftsgüter";300,00
2026;Niederösterreich;Voranschlag;Gemeinde;31912;Herzogenburg;Finanzierungshaushalt;859;020;400;010;0000000;3221;Freizeitanlage;"Geringwertige Wirtschaftsgüter (GWG) - Miniaturgolfanlage";0,00
2026;Niederösterreich;Voranschlag;Gemeinde;31912;Herzogenburg;Finanzierungshaushalt;859;020;400;020;0000000;3221;Freizeitanlage;"Geringwertige Wirtschaftsgüter (GWG) - Turngeräte";0,00
2026;Niederösterreich;Voranschlag;Gemeinde;31912;Herzogenburg;Finanzierungshaushalt;859;020;454;000;0000000;3221;Freizeitanlage;Reinigungsmittel;2000,00
2026;Niederösterreich;Voranschlag;Gemeinde;31912;Herzogenburg;Finanzierungshaushalt;859;020;456;000;0000000;3221;Freizeitanlage;Büromaterial;200,00
2026;Niederösterreich;Voranschlag;Gemeinde;31912;Herzogenburg;Finanzierungshaushalt;859;020;459;000;0000000;3221;Freizeitanlage;"Sonstige Verbrauchsgüter";1500,00
2026;Niederösterreich;Voranschlag;Gemeinde;31912;Herzogenburg;Finanzierungshaushalt;859;020;511;000;0000000;3211;Freizeitanlage;"Bezüge VB-Schema II";55900,00
2026;Niederösterreich;Voranschlag;Gemeinde;31912;Herzogenburg;Finanzierungshaushalt;859;020;541;000;0000000;3213;Freizeitanlage;"Sachbezüge VB-Schema II";7200,00
2026;Niederösterreich;Voranschlag;Gemeinde;31912;Herzogenburg;Finanzierungshaushalt;859;020;565;000;0000000;3211;Freizeitanlage;Mehrleistungsvergütungen;28000,00
2026;Niederösterreich;Voranschlag;Gemeinde;31912;Herzogenburg;Finanzierungshaushalt;859;020;569;000;0000000;3211;Freizeitanlage;Nebengebühren;2300,00
2026;Niederösterreich;Voranschlag;Gemeinde;31912;Herzogenburg;Finanzierungshaushalt;859;020;580;000;0000000;3212;Freizeitanlage;"Dienstgeberbeitrag zum Ausgleichsfonds";3200,00
2026;Niederösterreich;Voranschlag;Gemeinde;31912;Herzogenburg;Finanzierungshaushalt;859;020;582;000;0000000;3212;Freizeitanlage;"Sonstige DGB. zur sozialen Sicherheit";18100,00
2026;Niederösterreich;Voranschlag;Gemeinde;31912;Herzogenburg;Finanzierungshaushalt;859;020;600;000;0000000;3222;Freizeitanlage;Strom;17500,00
2026;Niederösterreich;Voranschlag;Gemeinde;31912;Herzogenburg;Finanzierungshaushalt;859;020;600;010;0000000;3222;Freizeitanlage;Beheizung;50000,00
2026;Niederösterreich;Voranschlag;Gemeinde;31912;Herzogenburg;Finanzierungshaushalt;859;020;610;000;0000000;3224;Freizeitanlage;"Instandhaltung von Grund und Boden";800,00
2026;Niederösterreich;Voranschlag;Gemeinde;31912;Herzogenburg;Finanzierungshaushalt;859;020;614;000;0000000;3224;Freizeitanlage;"Instandhaltung von Gebäuden";0,00
2026;Niederösterreich;Voranschlag;Gemeinde;31912;Herzogenburg;Finanzierungshaushalt;859;020;614;010;0000000;3224;Freizeitanlage;"Instandhaltung der Minigolfbahnen";4000,00
2026;Niederösterreich;Voranschlag;Gemeinde;31912;Herzogenburg;Finanzierungshaushalt;859;020;614;020;0000000;3224;Freizeitanlage;"Instandhaltung des Beach-Volleyballplatzes";1000,00
2026;Niederösterreich;Voranschlag;Gemeinde;31912;Herzogenburg;Finanzierungshaushalt;859;020;614;030;0000000;3224;Freizeitanlage;"Instandhaltung Trainingsplatz";3500,00
2026;Niederösterreich;Voranschlag;Gemeinde;31912;Herzogenburg;Finanzierungshaushalt;859;020;614;040;0000000;3224;Freizeitanlage;"Instandhaltung Camping Abstellplätze";100,00
2026;Niederösterreich;Voranschlag;Gemeinde;31912;Herzogenburg;Finanzierungshaushalt;859;020;616;000;0000000;3224;Freizeitanlage;"Instandhaltung von Maschinen und maschinellen Anlagen";0,00
2026;Niederösterreich;Voranschlag;Gemeinde;31912;Herzogenburg;Finanzierungshaushalt;859;020;618;000;0000000;3224;Freizeitanlage;"Instandhaltung der Einrichtung";0,00
2026;Niederösterreich;Voranschlag;Gemeinde;31912;Herzogenburg;Finanzierungshaushalt;859;020;618;000;0000000;3224;Freizeitanlage;"Instandhaltung der Einrichtung - Allgemein";5000,00
2026;Niederösterreich;Voranschlag;Gemeinde;31912;Herzogenburg;Finanzierungshaushalt;859;020;618;000;0000000;3224;Freizeitanlage;"Instandhaltung der Einrichtung - Kegelbahn";10000,00
2026;Niederösterreich;Voranschlag;Gemeinde;31912;Herzogenburg;Finanzierungshaushalt;859;020;618;040;0000000;3224;Freizeitanlage;"Service für EDV";800,00
2026;Niederösterreich;Voranschlag;Gemeinde;31912;Herzogenburg;Finanzierungshaushalt;859;020;631;000;0000000;3222;Freizeitanlage;"Telefon, Telegraf, Telex";1500,00
2026;Niederösterreich;Voranschlag;Gemeinde;31912;Herzogenburg;Finanzierungshaushalt;859;020;670;000;0000000;3222;Freizeitanlage;Versicherungen;13200,00
2026;Niederösterreich;Voranschlag;Gemeinde;31912;Herzogenburg;Finanzierungshaushalt;859;020;711;000;0000000;3225;Freizeitanlage;"Öffentliche Abgaben";17700,00
2026;Niederösterreich;Voranschlag;Gemeinde;31912;Herzogenburg;Finanzierungshaushalt;859;020;720;000;0000000;3225;Freizeitanlage;"Kostenbeiträge für Verwaltungsleistungen";5700,00
2026;Niederösterreich;Voranschlag;Gemeinde;31912;Herzogenburg;Finanzierungshaushalt;859;020;728;000;0000000;3225;Freizeitanlage;Werbemaßnahmen;300,00
2026;Niederösterreich;Voranschlag;Gemeinde;31912;Herzogenburg;Finanzierungshaushalt;859;020;728;010;0000000;3225;Freizeitanlage;"Entgelte für sonstige Leistungen";5000,00
2026;Niederösterreich;Voranschlag;Gemeinde;31912;Herzogenburg;Finanzierungshaushalt;859;020;728;020;0000000;3225;Freizeitanlage;"Leistungsentgelte an Firmen";30000,00
2026;Niederösterreich;Voranschlag;Gemeinde;31912;Herzogenburg;Finanzierungshaushalt;859;020;729;000;0000000;3225;Freizeitanlage;"Sonstige Ausgaben";200,00
2026;Niederösterreich;Voranschlag;Gemeinde;31912;Herzogenburg;Finanzierungshaushalt;859;020;810;000;0000000;3114;Freizeitanlage;"Benützungsgebühren für Minigolfanlage";3000,00
2026;Niederösterreich;Voranschlag;Gemeinde;31912;Herzogenburg;Finanzierungshaushalt;859;020;810;010;0000000;3114;Freizeitanlage;"Einnahmen Münzsäule Campingplätze";200,00
2026;Niederösterreich;Voranschlag;Gemeinde;31912;Herzogenburg;Finanzierungshaushalt;859;020;811;000;0000000;3115;Freizeitanlage;"Mieten- und Betriebskostenersätze 20%";50000,00
2026;Niederösterreich;Voranschlag;Gemeinde;31912;Herzogenburg;Finanzierungshaushalt;859;020;811;000;0000000;3115;Freizeitanlage;Hallenmiete;0,00
2026;Niederösterreich;Voranschlag;Gemeinde;31912;Herzogenburg;Finanzierungshaushalt;859;020;811;000;0000000;3115;Freizeitanlage;"Ausschank 1. Stock";0,00
2026;Niederösterreich;Voranschlag;Gemeinde;31912;Herzogenburg;Finanzierungshaushalt;859;020;811;000;0000000;3115;Freizeitanlage;Tennisverein;0,00
2026;Niederösterreich;Voranschlag;Gemeinde;31912;Herzogenburg;Finanzierungshaushalt;859;020;811;000;0000000;3115;Freizeitanlage;Tischtennis;0,00
2026;Niederösterreich;Voranschlag;Gemeinde;31912;Herzogenburg;Finanzierungshaushalt;859;020;811;000;0000000;3115;Freizeitanlage;Kegelbahn;0,00
2026;Niederösterreich;Voranschlag;Gemeinde;31912;Herzogenburg;Finanzierungshaushalt;859;020;811;000;0000000;3115;Freizeitanlage;"Dopler Pacht Neu";0,00
2026;Niederösterreich;Voranschlag;Gemeinde;31912;Herzogenburg;Finanzierungshaushalt;859;020;811;010;0000000;3115;Freizeitanlage;"Mieten- und Betriebskostenersätze 10%";0,00
2026;Niederösterreich;Voranschlag;Gemeinde;31912;Herzogenburg;Finanzierungshaushalt;859;020;811;010;0000000;3115;Freizeitanlage;Sauna;0,00
2026;Niederösterreich;Voranschlag;Gemeinde;31912;Herzogenburg;Finanzierungshaushalt;859;020;828;010;0000000;3116;Freizeitanlage;"Rückersätze von Ausgaben";0,00
2026;Niederösterreich;Voranschlag;Gemeinde;31912;Herzogenburg;Finanzierungshaushalt;859;020;829;000;0000000;3116;Freizeitanlage;"Sonstige Erträge";0,00
2026;Niederösterreich;Voranschlag;Gemeinde;31912;Herzogenburg;Finanzierungshaushalt;859;020;829;010;0000000;3116;Freizeitanlage;"Markenbonus NÖ-Card - Miniaturgolfanlage";0,00
2026;Niederösterreich;Voranschlag;Gemeinde;31912;Herzogenburg;Finanzierungshaushalt;859;020;861;000;0000000;3121;Freizeitanlage;"Transfers von Ländern, Landesfonds und Landeskammern";0,00
2026;Niederösterreich;Voranschlag;Gemeinde;31912;Herzogenburg;Finanzierungshaushalt;859;020;871;010;0000000;3121;Freizeitanlage;"Land NÖ.-Beihilfe Schul-u.KiGa";0,00
2026;Niederösterreich;Voranschlag;Gemeinde;31912;Herzogenburg;Finanzierungshaushalt;859;030;346;000;0000000;3614;"Eislaufplätze und Hallen";"Investitionsdarlehen von Finanzunternehmen";10000,00
2026;Niederösterreich;Voranschlag;Gemeinde;31912;Herzogenburg;Finanzierungshaushalt;859;030;400;000;0000000;3221;"Eislaufplätze und Hallen";"Geringwertige Wirtschaftsgüter";200,00
2026;Niederösterreich;Voranschlag;Gemeinde;31912;Herzogenburg;Finanzierungshaushalt;859;030;452;000;0000000;3221;"Eislaufplätze und Hallen";Treibstoffe;700,00
2026;Niederösterreich;Voranschlag;Gemeinde;31912;Herzogenburg;Finanzierungshaushalt;859;030;454;000;0000000;3221;"Eislaufplätze und Hallen";Reinigungsmittel;200,00
2026;Niederösterreich;Voranschlag;Gemeinde;31912;Herzogenburg;Finanzierungshaushalt;859;030;456;000;0000000;3221;"Eislaufplätze und Hallen";Büromaterial;0,00
2026;Niederösterreich;Voranschlag;Gemeinde;31912;Herzogenburg;Finanzierungshaushalt;859;030;459;000;0000000;3221;"Eislaufplätze und Hallen";"Sonstige Verbrauchsgüter";500,00
2026;Niederösterreich;Voranschlag;Gemeinde;31912;Herzogenburg;Finanzierungshaushalt;859;030;600;000;0000000;3222;"Eislaufplätze und Hallen";Strom;11500,00
2026;Niederösterreich;Voranschlag;Gemeinde;31912;Herzogenburg;Finanzierungshaushalt;859;030;600;010;0000000;3222;"Eislaufplätze und Hallen";Beheizung;3000,00
2026;Niederösterreich;Voranschlag;Gemeinde;31912;Herzogenburg;Finanzierungshaushalt;859;030;613;000;0000000;3224;"Eislaufplätze und Hallen";"Instandhaltung Eislaufplatz und Umkleidekabinen";2000,00
2026;Niederösterreich;Voranschlag;Gemeinde;31912;Herzogenburg;Finanzierungshaushalt;859;030;613;020;0000000;3224;"Eislaufplätze und Hallen";"Instandhaltung der Skaterbahn";0,00
2026;Niederösterreich;Voranschlag;Gemeinde;31912;Herzogenburg;Finanzierungshaushalt;859;030;616;000;0000000;3224;"Eislaufplätze und Hallen";"Instandhaltung v. Maschinen u. masc";1200,00
2026;Niederösterreich;Voranschlag;Gemeinde;31912;Herzogenburg;Finanzierungshaushalt;859;030;631;000;0000000;3222;"Eislaufplätze und Hallen";"Telefon, Telegraf, Telex";300,00
2026;Niederösterreich;Voranschlag;Gemeinde;31912;Herzogenburg;Finanzierungshaushalt;859;030;640;000;0000000;3222;"Eislaufplätze und Hallen";"Rechts- und Beratungsaufwand";2000,00
2026;Niederösterreich;Voranschlag;Gemeinde;31912;Herzogenburg;Finanzierungshaushalt;859;030;670;000;0000000;3222;"Eislaufplätze und Hallen";Versicherungen;2600,00
2026;Niederösterreich;Voranschlag;Gemeinde;31912;Herzogenburg;Finanzierungshaushalt;859;030;711;000;0000000;3225;"Eislaufplätze und Hallen";"Öffentliche Abgaben";1300,00
2026;Niederösterreich;Voranschlag;Gemeinde;31912;Herzogenburg;Finanzierungshaushalt;859;030;720;000;0000000;3225;"Eislaufplätze und Hallen";"Kostenbeiträge für Verwaltungsleistungen";20000,00
2026;Niederösterreich;Voranschlag;Gemeinde;31912;Herzogenburg;Finanzierungshaushalt;859;030;728;010;0000000;3225;"Eislaufplätze und Hallen";"Entgelte für sonstige Leistungen Umsatzbeteiligung";3400,00
2026;Niederösterreich;Voranschlag;Gemeinde;31912;Herzogenburg;Finanzierungshaushalt;859;030;729;000;0000000;3225;"Eislaufplätze und Hallen";"Sonstige Ausgaben";2000,00
2026;Niederösterreich;Voranschlag;Gemeinde;31912;Herzogenburg;Finanzierungshaushalt;859;030;810;000;0000000;3114;"Eislaufplätze und Hallen";Benützungsgebühren;25000,00
2026;Niederösterreich;Voranschlag;Gemeinde;31912;Herzogenburg;Finanzierungshaushalt;859;030;828;000;0000000;3116;"Eislaufplätze und Hallen";"Rückersätze von Aufwendungen";0,00
2026;Niederösterreich;Voranschlag;Gemeinde;31912;Herzogenburg;Finanzierungshaushalt;859;030;829;010;0000000;3116;"Eislaufplätze und Hallen";"Markenbonus NÖ-Card - Eislaufplatz";0,00
2026;Niederösterreich;Voranschlag;Gemeinde;31912;Herzogenburg;Finanzierungshaushalt;870;000;346;000;0000000;3614;Elektrizitätsversorgung;"Tilgung von Bankdarlehen";8000,00
2026;Niederösterreich;Voranschlag;Gemeinde;31912;Herzogenburg;Finanzierungshaushalt;870;000;619;000;0000000;3224;Elektrizitätsversorgung;"Instandhaltung von Photovoltaikanlagen";0,00
2026;Niederösterreich;Voranschlag;Gemeinde;31912;Herzogenburg;Finanzierungshaushalt;870;000;650;000;0000000;3241;Elektrizitätsversorgung;"Zinsen für Finanzschulden in Euro";1900,00
2026;Niederösterreich;Voranschlag;Gemeinde;31912;Herzogenburg;Finanzierungshaushalt;870;000;728;000;0000000;3225;Elektrizitätsversorgung;"Entgelte für sonstige Leistungen";0,00
2026;Niederösterreich;Voranschlag;Gemeinde;31912;Herzogenburg;Finanzierungshaushalt;870;000;810;000;0000000;3114;Elektrizitätsversorgung;"Erträge aus Leistungen";12000,00
2026;Niederösterreich;Voranschlag;Gemeinde;31912;Herzogenburg;Finanzierungshaushalt;870;000;861;000;0000000;3121;Elektrizitätsversorgung;"Transfers von Ländern, Landesfonds und Landeskammern";0,00
2026;Niederösterreich;Voranschlag;Gemeinde;31912;Herzogenburg;Finanzierungshaushalt;900;000;042;040;2000001;3415;"Gesonderte Verwaltung";"Ankauf EDV";1500,00
2026;Niederösterreich;Voranschlag;Gemeinde;31912;Herzogenburg;Finanzierungshaushalt;900;000;400;000;0000000;3221;"Gesonderte Verwaltung";"Geringwertige Wirtschaftsgüter";200,00
2026;Niederösterreich;Voranschlag;Gemeinde;31912;Herzogenburg;Finanzierungshaushalt;900;000;456;000;0000000;3221;"Gesonderte Verwaltung";Büromaterial;2000,00
2026;Niederösterreich;Voranschlag;Gemeinde;31912;Herzogenburg;Finanzierungshaushalt;900;000;457;000;0000000;3221;"Gesonderte Verwaltung";"Gesetzesblätter, Zeitschriften und Formulare";1600,00
2026;Niederösterreich;Voranschlag;Gemeinde;31912;Herzogenburg;Finanzierungshaushalt;900;000;510;000;0000000;3211;"Gesonderte Verwaltung";"Bezüge VB-Schema I";199100,00
2026;Niederösterreich;Voranschlag;Gemeinde;31912;Herzogenburg;Finanzierungshaushalt;900;000;540;000;0000000;3213;"Gesonderte Verwaltung";"Sachbezüge VB-Schema I";1500,00
2026;Niederösterreich;Voranschlag;Gemeinde;31912;Herzogenburg;Finanzierungshaushalt;900;000;565;000;0000000;3211;"Gesonderte Verwaltung";Mehrleistungsvergütungen;0,00
2026;Niederösterreich;Voranschlag;Gemeinde;31912;Herzogenburg;Finanzierungshaushalt;900;000;569;000;0000000;3211;"Gesonderte Verwaltung";Nebengebühren;16000,00
2026;Niederösterreich;Voranschlag;Gemeinde;31912;Herzogenburg;Finanzierungshaushalt;900;000;580;000;0000000;3212;"Gesonderte Verwaltung";"Dienstgeberbeitrag zum Ausgleichsfonds";8000,00
2026;Niederösterreich;Voranschlag;Gemeinde;31912;Herzogenburg;Finanzierungshaushalt;900;000;582;000;0000000;3212;"Gesonderte Verwaltung";"Sonstige DGB. zur sozialen Sicherheit";48200,00
2026;Niederösterreich;Voranschlag;Gemeinde;31912;Herzogenburg;Finanzierungshaushalt;900;000;618;040;0000000;3224;"Gesonderte Verwaltung";"Service für EDV";31000,00
2026;Niederösterreich;Voranschlag;Gemeinde;31912;Herzogenburg;Finanzierungshaushalt;900;000;630;000;0000000;3222;"Gesonderte Verwaltung";Porto;9000,00
2026;Niederösterreich;Voranschlag;Gemeinde;31912;Herzogenburg;Finanzierungshaushalt;900;000;631;000;0000000;3222;"Gesonderte Verwaltung";"Telefon, Telegraf, Telex";0,00
2026;Niederösterreich;Voranschlag;Gemeinde;31912;Herzogenburg;Finanzierungshaushalt;900;000;670;000;0000000;3222;"Gesonderte Verwaltung";Versicherungen;3300,00
2026;Niederösterreich;Voranschlag;Gemeinde;31912;Herzogenburg;Finanzierungshaushalt;900;000;700;010;0000000;3223;"Gesonderte Verwaltung";"Miet- und Pachtaufwand";0,00
2026;Niederösterreich;Voranschlag;Gemeinde;31912;Herzogenburg;Finanzierungshaushalt;900;000;724;000;0000000;3225;"Gesonderte Verwaltung";Reisegebühren;200,00
2026;Niederösterreich;Voranschlag;Gemeinde;31912;Herzogenburg;Finanzierungshaushalt;900;000;728;000;0000000;3225;"Gesonderte Verwaltung";"Leistungsentgelte EDV";0,00
2026;Niederösterreich;Voranschlag;Gemeinde;31912;Herzogenburg;Finanzierungshaushalt;900;000;729;000;0000000;3225;"Gesonderte Verwaltung";"Sonstige Ausgaben";0,00
2026;Niederösterreich;Voranschlag;Gemeinde;31912;Herzogenburg;Finanzierungshaushalt;900;000;827;000;0000000;3116;"Gesonderte Verwaltung";"AMS NÖ.-Lohnzuschüsse ATZ";13800,00
2026;Niederösterreich;Voranschlag;Gemeinde;31912;Herzogenburg;Finanzierungshaushalt;900;000;827;010;0000000;3116;"Gesonderte Verwaltung";Abfertigungsversicherung;0,00
2026;Niederösterreich;Voranschlag;Gemeinde;31912;Herzogenburg;Finanzierungshaushalt;910;000;659;000;0000000;3244;Geldverkehr;Geldverkehrsspesen;14000,00
2026;Niederösterreich;Voranschlag;Gemeinde;31912;Herzogenburg;Finanzierungshaushalt;910;000;659;090;0000000;3244;Geldverkehr;Kapitalertragssteuer;600,00
2026;Niederösterreich;Voranschlag;Gemeinde;31912;Herzogenburg;Finanzierungshaushalt;910;000;823;000;0000000;3131;Geldverkehr;"Zinsen der Sparbücher";100,00
2026;Niederösterreich;Voranschlag;Gemeinde;31912;Herzogenburg;Finanzierungshaushalt;910;000;823;010;0000000;3131;Geldverkehr;"Zinsen der Girokonten";100,00
2026;Niederösterreich;Voranschlag;Gemeinde;31912;Herzogenburg;Finanzierungshaushalt;910;000;829;000;0000000;3116;Geldverkehr;"Sonstige Einnahmen";100,00
2026;Niederösterreich;Voranschlag;Gemeinde;31912;Herzogenburg;Finanzierungshaushalt;912;000;659;000;0000000;3244;"Rücklagen (soweit nicht aufteilbar)";Geldverkehrsspesen;200,00
2026;Niederösterreich;Voranschlag;Gemeinde;31912;Herzogenburg;Finanzierungshaushalt;912;000;659;099;0000000;3244;"Rücklagen (soweit nicht aufteilbar)";Kapitalertragssteuer;0,00
2026;Niederösterreich;Voranschlag;Gemeinde;31912;Herzogenburg;Finanzierungshaushalt;912;000;823;000;0000000;3131;"Rücklagen (soweit nicht aufteilbar)";"Zinsen der Betriebsmittelrücklage";2800,00
2026;Niederösterreich;Voranschlag;Gemeinde;31912;Herzogenburg;Finanzierungshaushalt;912;000;829;000;0000000;3116;"Rücklagen (soweit nicht aufteilbar)";"Sonstige Erträge";0,00
2026;Niederösterreich;Voranschlag;Gemeinde;31912;Herzogenburg;Finanzierungshaushalt;914;000;822;000;0000000;3135;Beteiligungen;"Gewinnbeteiligung Nahwärme Herzogenburg GmbH";0,00
2026;Niederösterreich;Voranschlag;Gemeinde;31912;Herzogenburg;Finanzierungshaushalt;920;000;829;000;0000000;3116;"Ausschließliche Gemeindeabgaben";"Sonstige Erträge";0,00
2026;Niederösterreich;Voranschlag;Gemeinde;31912;Herzogenburg;Finanzierungshaushalt;920;000;830;000;0000000;3111;"Ausschließliche Gemeindeabgaben";"Grundsteuer A";34000,00
2026;Niederösterreich;Voranschlag;Gemeinde;31912;Herzogenburg;Finanzierungshaushalt;920;000;831;000;0000000;3111;"Ausschließliche Gemeindeabgaben";"Grundsteuer B";620000,00
2026;Niederösterreich;Voranschlag;Gemeinde;31912;Herzogenburg;Finanzierungshaushalt;920;000;833;000;0000000;3111;"Ausschließliche Gemeindeabgaben";Kommunalsteuer;4900000,00
2026;Niederösterreich;Voranschlag;Gemeinde;31912;Herzogenburg;Finanzierungshaushalt;920;000;837;000;0000000;3111;"Ausschließliche Gemeindeabgaben";Lustbarkeitsabgabe;3500,00
2026;Niederösterreich;Voranschlag;Gemeinde;31912;Herzogenburg;Finanzierungshaushalt;920;000;837;010;0000000;3111;"Ausschließliche Gemeindeabgaben";Vergnügungsabgabe;4300,00
2026;Niederösterreich;Voranschlag;Gemeinde;31912;Herzogenburg;Finanzierungshaushalt;920;000;838;000;0000000;3111;"Ausschließliche Gemeindeabgaben";"Abgaben für das Halten von Tieren";27500,00
2026;Niederösterreich;Voranschlag;Gemeinde;31912;Herzogenburg;Finanzierungshaushalt;920;000;841;000;0000000;3111;"Ausschließliche Gemeindeabgaben";Gebrauchsabgabe;115000,00
2026;Niederösterreich;Voranschlag;Gemeinde;31912;Herzogenburg;Finanzierungshaushalt;920;000;849;000;0000000;3111;"Ausschließliche Gemeindeabgaben";Nebenansprüche;3000,00
2026;Niederösterreich;Voranschlag;Gemeinde;31912;Herzogenburg;Finanzierungshaushalt;920;000;850;000;0000000;3111;"Ausschließliche Gemeindeabgaben";Aufschließungsbeiträge;300000,00
2026;Niederösterreich;Voranschlag;Gemeinde;31912;Herzogenburg;Finanzierungshaushalt;920;000;850;010;0000000;3111;"Ausschließliche Gemeindeabgaben";Abstellplatzausgleichsabgabe;0,00
2026;Niederösterreich;Voranschlag;Gemeinde;31912;Herzogenburg;Finanzierungshaushalt;920;000;850;020;0000000;3111;"Ausschließliche Gemeindeabgaben";Spielplatzausgleichsabgabe;2500,00
2026;Niederösterreich;Voranschlag;Gemeinde;31912;Herzogenburg;Finanzierungshaushalt;920;000;856;000;0000000;3111;"Ausschließliche Gemeindeabgaben";Verwaltungsabgaben;28000,00
2026;Niederösterreich;Voranschlag;Gemeinde;31912;Herzogenburg;Finanzierungshaushalt;920;000;856;010;0000000;3111;"Ausschließliche Gemeindeabgaben";Verwaltungsabgabe-Baukommission;500,00
2026;Niederösterreich;Voranschlag;Gemeinde;31912;Herzogenburg;Finanzierungshaushalt;920;000;856;020;0000000;3111;"Ausschließliche Gemeindeabgaben";Verwaltungsabgabe-Totenbeschau;10000,00
2026;Niederösterreich;Voranschlag;Gemeinde;31912;Herzogenburg;Finanzierungshaushalt;920;000;857;000;0000000;3111;"Ausschließliche Gemeindeabgaben";Kommissionsgebühren;300,00
2026;Niederösterreich;Voranschlag;Gemeinde;31912;Herzogenburg;Finanzierungshaushalt;921;000;834;000;0000000;3111;"Zwischen Ländern und Gemeinden geteilte Abgaben";Tourismusabgaben;35000,00
2026;Niederösterreich;Voranschlag;Gemeinde;31912;Herzogenburg;Finanzierungshaushalt;921;000;861;000;0000000;3121;"Zwischen Ländern und Gemeinden geteilte Abgaben";"Vergütung Interessentenbeitrag";0,00
2026;Niederösterreich;Voranschlag;Gemeinde;31912;Herzogenburg;Finanzierungshaushalt;921;000;861;010;0000000;3121;"Zwischen Ländern und Gemeinden geteilte Abgaben";"Transfers von Ländern, Landesfonds und Landeskammern";40400,00
2026;Niederösterreich;Voranschlag;Gemeinde;31912;Herzogenburg;Finanzierungshaushalt;925;000;859;000;0000000;3112;"Ertragsanteile an gemeinschaftlichen Bundesabgaben";"Ertragsanteile nach Einwohner";0,00
2026;Niederösterreich;Voranschlag;Gemeinde;31912;Herzogenburg;Finanzierungshaushalt;925;000;859;400;0000000;3112;"Ertragsanteile an gemeinschaftlichen Bundesabgaben";"Ertragsanteile nach Bevölkerungsschlüssel";8472000,00
2026;Niederösterreich;Voranschlag;Gemeinde;31912;Herzogenburg;Finanzierungshaushalt;940;000;861;000;0000000;3121;Bedarfszuweisungen;"Transfers von Ländern, Landesfonds und Landeskammern";22000,00
2026;Niederösterreich;Voranschlag;Gemeinde;31912;Herzogenburg;Finanzierungshaushalt;941;000;860;000;0000000;3121;"Sonstige Finanzzuweisungen nach dem  FAG";"Laufende Transferzahlungen von Bund";71600,00
2026;Niederösterreich;Voranschlag;Gemeinde;31912;Herzogenburg;Finanzierungshaushalt;941;000;860;100;0000000;3121;"Sonstige Finanzzuweisungen nach dem  FAG";"Transfers von Bund, Bundesfonds und Bundeskammern";0,00
2026;Niederösterreich;Voranschlag;Gemeinde;31912;Herzogenburg;Finanzierungshaushalt;945;000;860;000;0000000;3121;"Sonstige Zuschüsse des Bundes";"Transfers von Bund, Bundesfonds und Bundeskammern";0,00
2026;Niederösterreich;Voranschlag;Gemeinde;31912;Herzogenburg;Finanzierungshaushalt;992;000;691;000;0000000;3225;"Abgänge an Kassenausgaberesten und  Ausfälle an Kasseneinahmeresten (soweite nicht aufteilbar)";"Schadensvergütungen (nicht Finanzkraft relevante Abgaben)";5000,00
2026;Niederösterreich;Voranschlag;Gemeinde;31912;Herzogenburg;Finanzierungshaushalt;992;000;691;100;0000000;3225;"Abgänge an Kassenausgaberesten und  Ausfälle an Kasseneinahmeresten (soweite nicht aufteilbar)";"Schadensvergütungen (Finanzkraft relevante Abgaben)";0,00
2026;Niederösterreich;Voranschlag;Gemeinde;31912;Herzogenburg;Finanzierungshaushalt;992;000;829;000;0000000;3116;"Abgänge an Kassenausgaberesten und  Ausfälle an Kasseneinahmeresten (soweite nicht aufteilbar)";"Kassenausgabereste - Abgänge";3300,00
